:020000041000EA
:1000000000B5324B212058609868022188439860DF
:10001000D860186158612E4B002199600421596104
:100020000121F02299502B49196001219960352056
:1000300000F044F80222904214D00621196600F024
:1000400034F8196E01211966002018661A6600F04E
:100050002CF8196E196E196E052000F02FF8012189
:100060000842F9D1002199601B49196000215960AB
:100070001A491B48016001219960EB211966A021F2
:10008000196600F012F800219960164914480160C1
:100090000121996001BC002800D000471248134993
:1000A000086003C880F30888084703B5996A0420EC
:1000B0000142FBD001200142F8D103BD02B5186610
:1000C0001866FFF7F2FF186E186E02BD00000240BE
:1000D000000000180000070000035F00212200005C
:1000E000F4000018222000A00001001008ED00E03C
:1000F000000000000000000000000000070B8FD58A
:1001000000040420C502001011900010C702001066
:10011000C7020010C7020010C7020010C70200107B
:10012000C7020010C7020010C7020010C70200106B
:10013000C7020010C7020010C7020010C70200105B
:10014000319D0010699D0010A19D0010C99D0010F7
:10015000C702001005A00010C7020010357500107E
:10016000C7020010C7020010C7020010C70200102B
:10017000C7020010C7020010C7020010C99000108B
:10018000E9900010C7020010C7020010C70200105B
:10019000C7020010C7020010C7020010C7020010FB
:1001A000C7020010C7020010C7020010C7020010EB
:1001B000C7020010C7020010C7020010C7020010DB
:1001C00072B62C4880F308882B4880F309880220F7
:1001D00080F31488BFF36F8F28482949086008F01E
:1001E0006DFA07F0BAFD27482749224A914202DA00
:1001F00008600431FAE725491F4A914202DA086093
:100200000431FAE72249234A234B14469A4204DA7E
:100210000868106004310432F8E719490C601F497E
:100220001F4A204B9A4204DA0868106004310432F5
:10023000F8E700201C491D4A914202DA08600431A7
:10024000FAE708F03DFA07F009F8194C194DAC42ED
:1002500003DA216888470434F9E702F0E3FE164C1C
:10026000164DAC4203DA216888470434F9E7144993
:100270000847000000040420000C042000010010C6
:1002800008ED00E0555555550000042000040420F9
:100290000001001000010010C001001080C3001018
:1002A00000000020880E0020880E0020FC36002070
:1002B000C0010010C0010010C0010010C0010010FA
:1002C000BF8600107CE700F000F8FEE7F0B544467A
:1002D0004D4656465F46F0B46B46CB60C3689D46BC
:1002E000F0BCA046A946B246BB46F0BD08F00FFFE1
:1002F00062B6281CA047002008F085FDFEE708F044
:100300007FFC024A024B1360FEE7C04604ED00E0AA
:100310000000008002B471464908490009564900AE
:100320008E4402BC7047C04602B471464908490079
:10033000095C49008E4402BC7047C04603B4714654
:10034000490840004900095A49008E4403BC7047DF
:100350007047C046414208401C2101231B049842BB
:1003600001D3000C10391B0A984201D3000A083946
:100370001B09984201D30009043902A2105C401AFB
:100380007047C0461B1C1D1D1E1E1E1E1F1F1F1F4B
:100390001F1F1F1F844608006146FFE71FB50BF0B3
:1003A000CEF8002801D40021C8421FBD10B50BF0C3
:1003B00051F84042013010BD10B50BF0C0F80028D4
:1003C00001DB002010BD012010BDC04610B50BF0B0
:1003D000B6F8002801DD002010BD012010BDC04688
:1003E00010B50BF05EF8002801DC002010BD0120E4
:1003F00010BDC04610B50BF054F8002801DA0020FB
:1004000010BD012010BDC0461C2101231B049842D1
:1004100001D3000C10391B0A984201D3000A083995
:100420001B09984201D30009043902A2105C40184C
:100430007047C046040302020101010100000000F0
:100440000000000030B5032A19D903000B43551EE4
:100450009B0710D0002303E05A1C9D4212D01300CA
:10046000C25CCC5CA242F7D0101B0CE0043A043012
:100470000431032A03D904680B689C42F6D0551E48
:10048000002AE7D1002030BDF0B50500830749D030
:10049000541E002A45D003000326CAB202E00135EB
:1004A000013C3ED301332A703342F8D1032C30D9BA
:1004B000FF220A401502AD182A04AD180F2C34D9BA
:1004C0002700103F3F093E01B4461E001A001036B7
:1004D0006644156055609560D56010329642F8D13B
:1004E00001373F01DB190F270C22274022403C0037
:1004F000002A0ED03E1FB608B400A4461A001C1DE8
:10050000644420C2A242FCD103240136B6009B19E8
:100510003C40002C05D0C9B21C19197001339C4213
:10052000FBD1F0BD03001400C0E72700E2E7C0469E
:10053000F0B505000F2A33D90324030026000B432E
:100540001E401C4237D11500103D2D0903000C0040
:10055000AC462F013F1865685D60A5689D60E56841
:10056000DD60256810341D601D001033BD42F2D1DE
:1005700065460F230C2401352D01491913404519F7
:1005800014421AD08C59AC5104369C1B032CF9D858
:10059000043B9B0801339B00ED18C91803231A4044
:1005A000561E002A06D00023CC5C1A00EC540133FE
:1005B0009642F9D1F0BD561EF5E71A00F0E7C046A5
:1005C0007FB505008C794B782609E407E40F0A789B
:1005D000039602944C8805480194497900912900BA
:1005E00003F06CF8012004B070BDC04685B7001060
:1005F00010B5130004000120062C0CD809290AD8D4
:10060000052A08D806224A433C2161435218024871
:10061000D2185200105A10BDAAB80010F822411E7C
:10062000FF39030030B500205201914217D28022D9
:10063000802480219200D8051A40C00FE4000901EF
:10064000DD040DD50001002A01D0202210432342F1
:1006500001D0402210430B4201D08023184330BD0B
:10066000002A01D002221043234201D00422104369
:100670000B42F4D00823F1E710B50C00FFF7CEFFD2
:10068000A04710BD0300E03B10B50400072B02D9C2
:100690000549002800D105492000FFF7EDFFE0B231
:1006A00000F0EAF910BDC0467D0C0010D10B00101F
:1006B00010B50400C0B200F023FA2300E03B072B82
:1006C00002D90449002C00D103492000FFF7D4FFD0
:1006D00010BDC0468D0C00106D0C0010012070473D
:1006E00010B5FFF7FBFF10BD0120704710B5FFF7F5
:1006F00067FF10BD704710B5FFF7FCFF10BD00008D
:1007000013B5114B00901B780191002B16D16B464D
:100710005B79002B0DD0002A0BD000F0B5FF040050
:100720000100009800F088FF2000009901F01AFFF6
:1007300016BD009800F094FF0400F5E7009800F063
:10074000A3FF0099F2E7C046AA0E002010B50300EF
:1007500000890A00002806D1588819880004084337
:100760009988FFF7CDFF10BD70B501210400FFF798
:10077000EDFF21000500FFF7B3FF0023984204D0EE
:100780002100280004F008FC03000120184070BD7F
:1007900010B504000021FFF7D9FF2100FFF7ABFFE0
:1007A00010BD0120704710B5FFF7FBFF10BD000022
:1007B00010B5040000F088FA2000FFF7F4FF0248AB
:1007C00008F029FB10BDC04690D0030010B50120F1
:1007D000FFF7EEFF06F038FD10BD10B50020FFF763
:1007E000E7FF06F023FD10BD70B504000D0006F014
:1007F0008DF8002804D001212800FFF7A7FF04008E
:100800002900200006F0BAF9002854D02900200061
:1008100003F072FD00284ED029002000FFF766FF8C
:10082000002848D02900200005F006F9002842D011
:100830002900200006F088F800283CD0290020007C
:1008400004F016F9002836D02900200005F0CEFF6C
:10085000002830D02900200005F044FA00282AD0D2
:100860002900200004F0D4FF002824D02900200013
:1008700006F0E4F800281ED06B79002B0CD0144B46
:100880009C421FD00CD8134B9C4218D0124B9C4258
:1008900013D0033B9C420CD02800FFF725FF0BE050
:1008A0000E4B9C4211D00E4B9C42F5D101F0CAFB7D
:1008B000F2E7FFF78BFF002070BD01F0D9FBFFF7D7
:1008C0008CFFF8E701F0CAFBE6E701F0CCFBE3E7B9
:1008D0005A7C0000017C0000037C00005B7C00006F
:1008E0005C7C000010B504000121FFF72FFF210000
:1008F000FFF77AFF10BD10B506F0DBFB00F03CF807
:1009000010BD10B500F03DF806F0D8FB10BD030097
:10091000000901D0030004209A0802D0130002301D
:10092000C0B25B0801D00130C0B270473321020968
:100930000001C0B20243930092100A408B4313435C
:100940005522DBB258005B10904313401843C0B2ED
:10095000704701207047704770B5051CFFF7F9FF1D
:10096000041E02D0281CFFF7F6FF200070BD704760
:1009700010B5FFF7F1FF10BD10B50020FFF7F8FF2D
:1009800010BD10B506F0EAF9FFF7F2FF10BD000048
:1009900010B506F0E3F9074B04001A78824207D03D
:1009A000187006F0E9FB044B18602000FFF7E0FF29
:1009B00010BDC046880E00208C0E002010B586B0F9
:1009C0000B0A0191C9B20090DBB2002903D01D4986
:1009D0000A6801320A60002B01D001F0B1F9042449
:1009E0001220220000216844FFF74EFD009B6A465A
:1009F00003936B469B881382134B5B78234210D082
:100A0000124B5B88002B0CD001F046F9002802D075
:100A1000022001F0E7FA01F01BF9002801D001F0F3
:100A200023FA6B461B7C002B06D103980499059A88
:100A300001F0A2F806B010BD03A8FFF795FE00284C
:100A4000F3D1F7E7AC0E002054340020B435002079
:100A5000037910B5012B02D1008800F037FE10BDDC
:100A600010B5002904D005F09BFA05F063FB10BD1A
:100A700005F0ECFAF9E7000010B5041E11D0031FD1
:100A8000DBB2A02B0ED806F0F7F9002804D0200026
:100A900006F07AFA01F060FA200006F059FA01F047
:100AA0005BFA10BD03002033DBB2072B07D8072306
:100AB000034001209840C0B201F016F9EFE70300AF
:100AC0005B33DBB2022B04D8243CA0B206F07CF9E5
:100AD000E7E703005833DBB21A2B05D8074A5B005F
:100AE000985A06F08BF9DCE703003333DBB2122BA4
:100AF000D7D805F055FA05F01DFBD2E7F2BB001080
:100B000010B5002807D0031FDBB2A02B04D806F0D5
:100B10003BFA01F021FA10BD03002033DBB2072BB2
:100B200007D80723034001209840C0B201F0E4F841
:100B3000EFE703005B33DBB2022B03D8002006F0A3
:100B400043F9E8E703005833DBB21A2B03D800203F
:100B500006F054F9DFE703003333DBB2122BDAD8A7
:100B600005F074FA05F0E6FAD5E770B5FA26050047
:100B70000C00FFF781FFB600002C03D12800FFF71F
:100B8000BFFF70BD3000013C08F045F9A4B2F3E7A7
:100B900010B5044B392803D1198CFFF7E6FF10BDBF
:100BA000D98BFAE7B4350020012370B5074D002436
:100BB0002B7501F0A9F8AB7CA34200D870BD2B19AE
:100BC000587B0134FFF7E4FFE4B2F4E7900E002015
:100BD00010B5002803D001F087F801F0BDF910BD71
:100BE00070B5184C0A002378002B29D0042100236B
:100BF00081425B41E07C19005023814201D1FA23FC
:100C00009B00607C332105008D4307D02179814210
:100C100004D1191C782B00D278218BB2E18A257D72
:100C2000511A89B2994206D9002D01D1FFF7D0FFA0
:100C30000123237570BD002DFCD1FFF7B5FFF9E747
:100C4000E182F7E7900E002010B5074C2378002BC7
:100C500007D0237D002B02D1607CFFF7B9FF002372
:100C60002376002010BDC046900E002010B500284D
:100C700003D001F041F801F06FF910BD10B5002864
:100C800003D001F04DF801F067F910BD10B5002850
:100C900003D001F04DF801F05FF910BD10B5002050
:100CA00006F092F8002006F0A9F801F049F801F0EA
:100CB00053F905F0B3FA05F03DFA10BD10B506F092
:100CC0007FF9FFF7EBFF10BD10B501F01DF8FFF73E
:100CD000F5FF10BDC2B20004030F062B18D00F2180
:100CE000062B0ED80E3300200B40012B08D8012014
:100CF000F02A05D007D80020E72393424041C0B234
:100D000070470633EFE7F43A100043425841F6E7E4
:100D10000120E72AF4D9F13A53425A41D0B2EFE721
:100D20000279030010B5101E06D01889002804D0DF
:100D300001F030FBFFF7CEFF10BD188800F0C6FCB5
:100D4000F8E70000F0B503788BB007934378477954
:100D5000039343880290059383790D1C1B09069326
:100D60006B461B7E019300F0AFFF0490002829D052
:100D70000497002F26D02B041B0E0F22190091433D
:100D8000402910D0E9B20A0000202032D2B20490EB
:100D9000072A17D91F229343202B04D1012911D9E7
:100DA000019B83420ED00022B84B04925B785B0714
:100DB00008D5022001F016F900F086FF0123434018
:100DC000DBB204932B04180F0B2828D8FFF7B6FAD0
:100DD0000C000C006C006C00CE01E3012700270022
:100DE000E80147025A025A022C052B04240F1B0E5D
:100DF0000F2B00D92401EEB2002F40D03300203356
:100E0000DBB2002C36D02000072B01D9002E28D1D0
:100E100000F06AFF01F0A0F83000FFF72DFE281C5B
:100E2000FFF758FF002800D0E1E20022984B1A603B
:100E3000049B002B13D000F027FF012302001A406F
:100E400018420CD1029B5A7100F018FF00F084FB8D
:100E5000029800F00DFB00F011FF00F089FB0BB0D1
:100E6000F0BD00F05DFF01F077F805990398FFF7FA
:100E7000B7FED1E7072BCFD9002ECDD0F5E7300054
:100E8000FFF73EFE002CCAD033002033DBB2200037
:100E9000072B01D9002E02D100F02EFF01E000F057
:100EA00047FF01F059F8BAE70F222B042E051B0E5D
:100EB000360F9343202B00D03601EBB20897002B5E
:100EC0000DD0012B60D0019B002F00D1C5E0002B7D
:100ED0006AD003980599FFF783FEE8B29DE76B4B54
:100EE0005B785B0712D4002F08D0002E04D03000AE
:100EF00000F0FAFE01F030F800208EE73800FFF72E
:100F0000FFFD002E00D18AE73000C5E7019B002FCE
:100F10001FD0002B03D13000FFF75AFE7FE7019B63
:100F2000012B03D1300000F059FF78E7594B1B7FAC
:100F3000012B00D873E7019A934200D06FE730008D
:100F4000FFF746FE300000F05FFF300000F022FFA8
:100F500065E7002B09D13000FFF788FE300000F074
:100F600053FF300000F026FF59E74A4B1B7F012B4F
:100F700000D854E7019B012B00D050E700F0AEFEF3
:100F8000064200D14BE7E6E7434B019ADB7F002F97
:100F900003D09A4200D942E7BDE79A4200D33EE728
:100FA0003000FFF763FE3AE73C4B1A78002A46D13F
:100FB000DB8A059AD31A9BB29F2B07D822233200D3
:100FC0009A4303D0E8B2FFF7E3FD28E70122334B51
:100FD00004211A70079A039C5A70039A1E719A7022
:100FE000EAB2DA7000221000A14250415A749A7499
:100FF000D8741A75294C059BE382A37C032B0CD86B
:101000005A000798A1184871254952180399517040
:10101000E218E9B201335173A374637C32003343A5
:10102000637433239A4300D175E7227E002A00D0EF
:10103000F5E678201B4904F0AFF92076EFE60422AC
:101040000199039CA2424941DA7C9142D2D01B7D96
:10105000002BB7D1FFF7A8FDB4E7002B31D0EAB2DF
:101060000C4B392A2BD1188C002821D000233900B1
:101070000D4A0AF0DDFA00230C4A80185941FA2281
:10108000002392000AF0CCFA13E0C046543400204A
:10109000AC0E0020B4350020B7350020900E0020A3
:1010A000950E0020490C001040420F00E70300009D
:1010B000012007F0B0FEE8B2FFF722FDAFE6D88BC3
:1010C000D2E7B44C2378002B00D169E7A378039AC8
:1010D000934222D16378079A93421ED16B46207EB9
:1010E0001B7E2370002804D004F062F96B461B7E3F
:1010F00023760024A74B9A7C0693A74B099205936D
:10110000099B9C420ED1089AA24B002A01D0013CB7
:101110009C745A7CB2435A7442E79E4B1B79B3428B
:10112000E7D17CE6089B002B12D0059B0222190018
:10113000981EFFF7FDF9069B069A5B7B1373069BCF
:10114000013401330693059BE4B202330593D7E7DC
:10115000059B039A5B789342F1D1059B079A1B7814
:101160009B1A5A425341DBB20893E8E72805800FE7
:101170000AD0012800D052E60020874201D0A805FD
:10118000800D05F03BFE4AE6002F01D0A805800D3A
:1011900005F01AFE43E63900E8B2FFF761FC3EE6CF
:1011A0009B019B0F2BD1002F1BD110212B065B0F16
:1011B0009B002A07DBB2120F9A400800D2B22840E7
:1011C000294203D00F209840C043C0B22B059B0F8B
:1011D0001043022B0DD0032B0ED0012B06D000F0B4
:1011E0008DF905F0BBFDFFF7C3FB18E600F07CF9B5
:1011F000F7E700F08DF9F4E700F071F9F1E7AB05DE
:101200009B0FDAB2002F1ED0DB07EAD510212B0688
:101210005B0F9B002A07DBB2120F9A400800D2B284
:101220002840294203D00F209840C043C0B22B056C
:101230009B0F1043022B0CD0032B0DD0012B05D09C
:1012400000F0B8F9CDE7012ACBD9DFE700F0A8F923
:10125000C7E700F0B9F9C4E700F06AF9C1E72C0567
:10126000EEB2240F002F06D0200000F075F93000F8
:10127000FFF7AEFCB5E73000FFF7F8FC200000F008
:1012800077F9AEE7ECB22000F038042872D8FFF707
:101290004BF8032712192300404B019ADB7F002FE4
:1012A00006D09A429DD2E804C00E00F06DF998E78E
:1012B0009A4296D8F7E7E804C00E002FDFD100F07D
:1012C0004BF98EE7002F04D0E804C00E00F03DF982
:1012D00087E700F035F984E7314B5B785B0704D48E
:1012E000E804C00E002FCAD0E9E72E4C237F012B63
:1012F00029D9002F1AD000F0C7FC042808D100F02B
:1013000063FEE804C00E00F033F90023049368E79D
:10131000237F019A9342F8D9EC04E40E200000F0F8
:101320001BF90321200000F031FEEEE7019A934201
:1013300005D800F049FEE8040421C00EF3E70120BF
:1013400000F050FEE1E7002F09D0EC04E40E20008D
:1013500000F002F90321200000F018FE41E701200F
:1013600000F040FE019B012B00D83AE7022000F07C
:1013700039FE36E7019B002F16D0002B07D00398CB
:101380000599FFF72DFC2000FFF776FB29E7E8041D
:10139000C00E94E7900E0020950E0020B735002077
:1013A00054340020B4350020002B1DD0214B392CA3
:1013B00018D1188C00280ED0002339001E4A0AF0DC
:1013C00037F900231D4A80185941FA220023920060
:1013D0000AF026F900E0012007F01DFD2000FFF7CC
:1013E0008FFBFEE6D88BE5E7E804C00E47E7019BDC
:1013F000002F03D0002B00D017E519E5002B00D0FB
:1014000013E5029A029B50881B88000491881843B8
:10141000019AFFF775F9029903F05AF9002800D1F3
:1014200003E5074B1B68022B00D0FEE4E8B2FFF790
:10143000AFFBFAE4B435002040420F00E7030000A0
:10144000AC0E002070B50400008900280BD000F01D
:10145000A1FF051C00F0C2F800F040F8291C200094
:10146000FFF770FC70BD6079218800F039F9F0E772
:10147000037910B50400002B11D0FFF733FA0028D0
:101480000ED100F021FC002809D06379002B06D092
:10149000074B5B785B0702D5022000F0A3FD10BD6F
:1014A0002000FFF7CFFF2000FFF772F9F7E7C046F3
:1014B0005434002082B002B0704784B004B070474A
:1014C000704710B5FFF7FCFF10BD000010B5FFF727
:1014D000F8FF014B187010BDC90E0020704710B501
:1014E000FFF7F4FF10BD000010B5034B1B78184345
:1014F000FFF7ECFF10BDC046C90E002010B5034B2E
:101500001B781840FFF7E2FF10BDC046C90E00204F
:1015100010B5034B1B785840FFF7D8FF10BDC046ED
:10152000C90E0020704710B5FFF7FCFF10BD00008A
:1015300010B5FFF7F8FF014B187010BDC80E002062
:1015400010B50020FFF7F4FF10BD0123834010B554
:10155000D8B2FFF7EDFF10BD0123834010B5034A59
:1015600010781843C0B2FFF7E3FF10BDC80E00208B
:101570000123834010B5034A10789843FFF7D8FF42
:1015800010BDC046C80E00200123834010B5034A99
:1015900010785840C0B2FFF7CBFF10BDC80E002036
:1015A00010B5034B1B781843FFF7C2FF10BDC046B0
:1015B000C80E002010B5034B1B781840FFF7B8FF8A
:1015C00010BDC046C80E002010B5034B1B78584014
:1015D000FFF7AEFF10BDC046C80E002070470323C2
:1015E00070B50126CC086343D21807233500194093
:1015F0008D400021EDB20300CB40545C33405B4290
:1016000063402B405C40545401310329F3D170BD39
:1016100030B50724032300220440C00843430125BA
:101620001000C9188B5CE3402B40934001321843F3
:10163000C0B2032AF6D130BD13B5030401AA10804D
:101640001B0E0800092B08D81478052C05D8062194
:101650005943024A0919FFF7C2FF13BDB00E00201B
:1016600007B5030401AA10801B0E0020092B08D81F
:101670001278052A05D80630584302498018FFF72A
:10168000C7FF0EBDB00E0020F7B5062401270D4A96
:101690000D4B12781B7801AE1A4330800092009BEC
:1016A00023413B4204D1013CF9D200252800FEBD74
:1016B000E5B22800316800F075FF80B20128F2D051
:1016C000F4E7C046C80E0020C90E002007B501ABE4
:1016D00018800198FFF7D8FF019900F063FF0EBD55
:1016E00013B501AB19800E4B1B78002B03D001986A
:1016F000FFF7ECFF16BD00280CD00198FFF7C4FFE0
:10170000040001000198FFF797FF2000019900F005
:1017100049FFEFE70198FFF7A3FF0400F5E7C04694
:10172000AA0E002030B50400012005008D402900DC
:101730000500954098402A00030020000A43D1B2DA
:10174000984322408A4201D11C43E0B230BD0000E0
:1017500010B504001300044A10780A002100FFF7B6
:10176000E1FFFFF7E5FE10BDC80E002070B50A25A9
:1017700007260C4B1C780C4B1B78A34200D170BD84
:101780002A006243094B0134D15A9B1858889A8821
:1017900000040843D9883440090411431A89FFF72B
:1017A0008CFEE8E7CA0E0020CB0E0020CC0E0020F5
:1017B000064B10B558881A88D988000410439A88B7
:1017C000090411431A89FFF778FE10BD1C0F002091
:1017D000F7B5072701900E480E4B00781B78009054
:1017E0000D48009CA34201D10020FEBD0A255D43A7
:1017F000441966788E4206D12D5C019EB54202D115
:101800006479944202D101333B40EAE70120ECE7DE
:10181000CB0E0020CA0E0020CC0E0020F8B51D4CC7
:10182000A3790F2B31D86379002B2ED01A4B1E7859
:101830001A4B1B78B34228D00A257543184BED1874
:101840002B79002B22D02A8823889A421ED16979CD
:1018500000291BD16F8863882000FF1AFEF776FFEE
:101860002100BFB202F022FD87420FD20F211022C9
:10187000A37920000B401343A371AB790B401A43AB
:10188000AA71FFF7F5FDFFF771FFF8BD07230136D9
:101890001E40CDE71C0F0020CA0E0020CB0E0020FA
:1018A000CC0E0020F0B504008DB00100062207A880
:1018B000FEF73EFE2378AF4D039363786679049379
:1018C00063880093237902932B79002B19D1029B13
:1018D000002B00D102E1002E00D142E12000FFF7F1
:1018E0001FFA002800D13CE10A2221002800FEF75F
:1018F0001FFE2800FFF7ACF8FFF790FFFFF758FF37
:10190000ECE000212800FEF721FF6B79070001932E
:10191000019A6B88002A00D1E2E0009A0021D31AD4
:101920009BB228000593FEF711FF290002F0BEFCD0
:10193000059B834200D3ADE0029B002B00D1CDE09C
:10194000AB79298822880F2B00D970E0914215D1FC
:1019500029892289914211D1002E2AD10F221A40C1
:1019600010231343AB71FFF723FF2800FFF780FD1F
:10197000AB79A371002528000DB0F0BD002E18D161
:10198000320004990398FFF723FF00281CD0380089
:10199000784902F08DFE002816D0764C2000FFF723
:1019A00067FD0A2200212000FEF76EFDFFF700FF11
:1019B000E0E701236F4938008A7913438B7102F005
:1019C0007FFE0028D6D0E8E7002204990398FFF7AD
:1019D000FFFE051ECED10798FFF778FEC3B20004C4
:1019E0000F21020F032A08D8012A0FD9000E014245
:1019F00011D0A2790F2A0ED8BDE706320A40012A7B
:101A00000ED92000FFF734FD019DB4E7000E01421E
:101A100001D0002BAFD02033DBB2072BABD9F0E7DE
:101A2000EF2BA8D90F33DBB2022BA4D9E9E79142FF
:101A30000FD12989228991420BD1002E09D1A3719E
:101A40002000FFF715FD0A2221002800FEF770FD97
:101A500054E72000FFF764F9002800D181E0002E50
:101A600000D17EE0434B9A791F2A0DD9198809A825
:101A700001800099418019798271017100214171C1
:101A80001B890381FFF7F4FC0A2221003948FEF785
:101A90004FFD31E7AB790F2B0AD807980899FFF76C
:101AA00009FD2800FFF7E4FC0A22002128007BE75B
:101AB000029A002A12D0298822889142C9D1298904
:101AC00022899142C5D1002EC3D12000A371FFF716
:101AD000CFFC0A2231002800FEF7D6FC01254AE798
:101AE000009A01992800D71AFEF730FE2900BFB2EC
:101AF00002F0DCFB874238D2029B002BEED0002E96
:101B00002FD02A8823889A4222D12A8923899A426F
:101B10001ED16B88009AD31A9BB2C72B12D8AB790F
:101B2000DA070FD40F2B0DD90F211A00A3718B43A5
:101B3000F02B00D184E7D3B21A09013212010B4015
:101B400013437CE70A2221002800FEF7F1FCC5E7D9
:101B50002000FFF7E5F8002896D10123AA79134366
:101B6000AB712000FFF784FCB8E707980899FFF7EE
:101B7000A1FC99E71C0F0020F0B589B001AE0190DF
:101B800030007160B260FFF78DFE2A4D071E2A4CAF
:101B90000ED03379002B04D001987168B268FFF73A
:101BA0008CFC0A2720782B78834227D109B0F0BD1E
:101BB000320005AB9C4603CA03C312881A803079F1
:101BC0002B7822780028ECD007205E1C0640964235
:101BD0000AD00A22534319486146C018FEF7A8FCF0
:101BE0002E70FFF7C3FDDCE7FFF76EF80A2239001D
:101BF00013482F702770FEF747FCD2E778430F4E4B
:101C00008019FFF74FFE0028D0D023787B439A5BE2
:101C1000F3185888D988000410439A88090411439E
:101C20001A89FFF74AFC07222378013313402370F7
:101C3000B8E7C046CB0E0020CA0E0020CC0E002014
:101C40001C0F0020014B18787047C046540F00202D
:101C500070B50024074D6B88A34208D005F0D4FA74
:101C6000054B1B88C01A6B8880B2984264412000E3
:101C700070BDC046B4350020520F0020014B1878CB
:101C8000C0087047500F0020024B187807231840F7
:101C90007047C046500F002010B505F0B5FA074B4D
:101CA000074A1B885288C31A9BB200209A4204D864
:101CB000044B01301B789B08984310BD4E0F002049
:101CC000B4350020500F0020034B1878072318402C
:101CD000431E9841C0B27047500F0020014B187846
:101CE0007047C046810F0020024B1A7810431870CD
:101CF0007047C046810F0020024A13788343137057
:101D00007047C046810F00200022014B1A707047B7
:101D1000810F0020014B18787047C046800F0020CB
:101D2000024B1A78104318707047C046800F00208D
:101D3000024A1378834313707047C046800F002017
:101D40000022014B1A707047800F0020014B187061
:101D50007047C0467F0F00200022014B1A70704769
:101D60007F0F0020014B18707047C0467E0F002087
:101D70000022014B1A7070477E0F0020014B18782B
:101D80007047C046550F0020704710B5FFF7FCFFA5
:101D900010BD00000300190010B5054A107801407D
:101DA000994203D018431070FFF7EFFF10BDC046F3
:101DB000540F0020030010B5044A1078034203D0EA
:101DC00098431070FFF7E1FF10BDC046540F00208C
:101DD000704710B5FFF7FCFF10BD000070B5084D4F
:101DE00004002B780340834209D005F00DFA054B1F
:101DF00018802B78200023432B70FFF7EAFF70BD7B
:101E0000550F0020520F002010B5084C23781842BF
:101E10000BD0834300202370834201D005F0F4F9F6
:101E2000034B18802078FFF7D4FF10BD550F00201A
:101E3000520F0020094B70B55B7804005B070BD58F
:101E4000074D2B78834207D005F0DEF9054B2C7047
:101E500018802000FFF7BDFF70BDC046543400203D
:101E6000550F0020520F002010B5054B1A78002A9C
:101E700005D000201870034B1880FFF7AAFF10BD93
:101E8000550F0020520F002070B5114A114B1478E5
:101E90001B78114D1C432B78002B11D00F4B5B8806
:101EA000002B05D0FFF7D4FE002801D0FFF7DCFFA0
:101EB0002D7804F0BDFF002801D0FFF7D5FF2C439B
:101EC0002000074B1A78074B90431B78184370BDCE
:101ED000810F0020800F0020550F0020B435002016
:101EE0007E0F00207F0F002070B50B4C2568FFF798
:101EF000CBFF28702468094D082229002000FEF736
:101F0000A1FA002807D0082221002800FEF710FBC4
:101F1000200004F037FF70BD6C080020460F002041
:101F200070B50B4C2568FFF7AFFF68702468094D4A
:101F3000202229002000FEF785FA002807D0202261
:101F400021002800FEF7F4FA200004F025FF70BD00
:101F500068080020260F002010B5074B1B78002BC7
:101F600006D0064B1B787F2B02D9FFF7D9FF10BD97
:101F7000FFF7BAFFFBE7C046D0080020543400202A
:101F8000704710B5FFF7FCFF10BD00000B4B10B5FC
:101F90005B785B070ED5C300094C19432170FFF72E
:101FA000DBFA05F031F9074B18802078C008FFF7FD
:101FB000E8FF10BDFFF7D0FAFBE7C046543400201D
:101FC000500F00204E0F0020002010B5034B18705A
:101FD000034B1880FFF7D5FF10BDC046500F0020FF
:101FE0004E0F002010B5094A137819008143117073
:101FF0004A070AD1994208D0054B5B785B0704D5A4
:10200000C808FFF7B5FAFFF7DFFF10BD500F00203B
:10201000543400200A4A10B553785907C90F814239
:102020000CD001210840033180008B4303435370DF
:10203000108800F046F80220FFF7D4FF10BDC0461C
:1020400054340020044B10B5587801234007C00FCA
:102050005840FFF7DFFF10BD5434002010B50120B9
:10206000FFF7D8FF10BD10B50020FFF7D3FF10BD5C
:1020700010B5002001F0B2FB0020024901F092FBF4
:1020800010BDC046FFFF0000002010B501F02EFB80
:10209000034B020000209A4201D104F013FD10BD51
:1020A000E5FE000010B5022001F013FB10BD10B5D5
:1020B000032001F00EFB10BD10B5042001F016FB4B
:1020C00010BD10B50100042001F06CFB10BD10B56F
:1020D00001000F2001F072FB10BD10B501001320AC
:1020E00001F06CFB10BD10B50020FFF7F6FF10BD2E
:1020F00010B50020FFF7EBFFFFF7F5FF10BD000064
:1021000007B5002001F06AFB00201F4901F04AFBDF
:102110000021022001F03AFB01211C4B0320197021
:1021200001F034FBA0210420490101F03BFB002118
:10213000062001F02BFB0021072001F027FB0021E6
:10214000082001F03BFB0021232001F01FFB0021B0
:102150000C2001F01BFB00210D2001F017FB0023D8
:1021600000221721009201936846083201F0F1FA2B
:1021700000211F2001F022FB002004F0B7FC04F036
:10218000DFFCFFF7B5FF07BDE5FE0000C90E00202C
:1021900010B5FFF7B5FF10BD10B501000E2001F01E
:1021A000F5FA10BD73B505F02FF8094D04002B8822
:1021B00083420CD06B4600261E8005F025F86B4646
:1021C0009E80588000980199FEF7F8FB2C8073BD23
:1021D000820F002010B500F0CFFA024B1860024BBE
:1021E000186010BD940F0020900F002070477047BA
:1021F00010B5FFF7FCFF10BD704710B5FFF7FCFFEF
:1022000010BD01207047000010B5074800F0C6FA65
:1022100001F0E0FA01F022FE02F092F9FFF7E6FF8A
:10222000FFF7E6FF10BDC046E57C001010B500F0DA
:1022300089FD10BD7047704710B5FFF7FBFFFFF732
:10224000FAFF10BD10B5FFF71FFF002801D1FFF7FF
:102250009FFFFFF727FF084B1870FFF72DFF074B75
:10226000188002F02FFDFFF722FFFFF738F9044B2B
:102270001878FFF758F910BD980F0020543400204B
:10228000C80E002010B504F073FF00F061FA04F0EE
:1022900066FC00F05DFD00F07BFCFFF7D3FFFEF76E
:1022A00066FB02F0D1FF00F06BFDFFF7A6FF10BD4B
:1022B00010B500F047FD002807D003F0A1FB04F0A3
:1022C00099FB02F017FE02F089FB10BDF0B587B054
:1022D000FFF797FF002809D1FFF764FFFFF7E8FF3A
:1022E00003F0C6FFFEF754FB07B0F0BD00F090FC12
:1022F0000024264DE0B22E5D00F068FA092C41D092
:1023000001348642F5D0224B1B789B0701D500F0A3
:1023100063FAFFF78BFF00240390200000F056FAC9
:102320002B780190984225D0002601274340DBB24C
:102330000293029B1F4215D0039B002B12D004ABCB
:102340001E705C7004F060FF012204AB1A715880AB
:10235000019B04983B405A1E934104AA537105996E
:10236000FEF72CFB01367F00F6B2FFB2062EE0D15D
:10237000019B2B700134E4B201350A2CCDD1FFF75B
:1023800029FFABE78642BED1A6E7C046840F0020F6
:10239000980F002070B500F00FF9A4230400DB01B2
:1023A000984246D2A023DB01984200D39EE0DF286A
:1023B00015D8CC283AD8A7280AD8A42800D970E084
:1023C000012803D0031F9BB2A02B06D8201C70BD90
:1023D0000300A83B9BB21A2B67D90024F6E78023A1
:1023E000DB0198421AD28026B601B04200D38BE0BE
:1023F000E728EBD9431EFF3B013EFF3E9BB2B342B1
:10240000EBD2000AC0B200F057F90500E0B200F0CC
:10241000D3F82D023540284384B2D7E7C0B200F08C
:10242000CBF8F0231B0123403F4C03431C43A4B2D1
:10243000CCE7A523DB0198421CD23C4B984242D802
:102440003B4B984209D90321012201408A40C3062F
:102450005B0F5B01374C1343E8E7374B98422DD8AD
:102460000322C4B2A3081440023AA2405B01334CD9
:102470001343DBE7324B984208D81F20314B2040F2
:102480009C422AD8304C000204439FE72F4BC318CC
:102490009BB21F2BA1D8F82304025B011C402C4BDC
:1024A0000AE08023243CDB01C0E75834294BE4B226
:1024B0006400E35A8824E4011C4387E71F23034098
:1024C000254C1B02F8E70321012201408A40C30684
:1024D0005B0F5B01214C1343A8E700F0EDF8F823F4
:1024E000802400025B011840A401CDE71F2020409A
:1024F00000F0E2F8E3051B0F1B02C20600D5000145
:1025000000B2174C034391E7C004C00E00F0D4F8AA
:102510000500E0B200F050F8F8232D025B011D40E9
:1025200005432E43B4B251E700A0FFFF5F52000005
:102530003F520000008CFFFF1F520000008DFFFF84
:10254000BF5200009F520000F4A0000040ADFFFF0A
:10255000F0A0000028BC0010F1A00000008AFFFFDE
:102560000090FFFF0D4B37B51C68002301AD29809B
:102570009C4208D1697823002A78F02905D1F02AF5
:1025800001D1074B1B8818003EBD0929FBD8052A3D
:10259000F9D803F063F80300F5E7C0468829002066
:1025A000B235002007B501AB19800199FFF7DAFFBA
:1025B000FFF7F0FE0EBD0000030010B5E72808D8B5
:1025C000DF2808D8312861D00ED8292855D02A28EC
:1025D00062D0180010BDE0380728FAD8FDF79AFE3F
:1025E00018F9252A38F93F44392808D0822806D01E
:1025F0003528EED12F4A12789206EAD506E02D4A08
:102600001178890750D152781207E2D52923E0E7E3
:102610000121284802780A4236D140780842D8D0B1
:10262000E323D206D5D50023D3E7224A12785107F7
:10263000F6D4CEE71F490A78500733D44978C90742
:1026400032D410210A4051424A4152421340C0E75D
:10265000184A51788907BCD51278E723E1E7154A73
:1026600012781107F9D4B4E712490A7810071DD47B
:1026700049788907E5D5E423ABE70E4A1178890646
:1026800016D452781207A4D53923A2E7094A127842
:1026900052069ED52A239CE7064A1278520698D500
:1026A000312396E7E22394E7E02392E7E62390E7DD
:1026B00035238EE75434002030B5244C21784B0765
:1026C0000DD514220240043A53425A4118230340C4
:1026D000083B5D426B419A4201D00C2358400B07E6
:1026E0000DD514220240143A53425A411823034094
:1026F000183B5D426B419A4201D00C2358406478EC
:10270000E3070DD511220240013A53425A411823E2
:102710000340083B5D426B419A4201D00923584077
:10272000A4070DD511220240113A53425A411823F1
:102730000340183B5C4263419A4201D00923584050
:10274000C90601D51823984330BDC0465434002033
:102750000022014B1A6070475834002010B5040065
:1027600000F0F0FA002804D104F006FD014B241A11
:102770001C6010BD5834002010B500F0E3FA0028AA
:1027800002D004F0F9FC10BD04F0F6FC014B1B680C
:102790001818F8E75834002000207047014B1860E3
:1027A0007047C0467008002010B5024B1B68984760
:1027B00010BDC04670080020704710B5FFF7FCFF41
:1027C00010BD704710B5FFF7FCFF10BD014B185C42
:1027D0007047C0466734002010B50D4800F06EFF0A
:1027E000002421000B4800F069FF0B4800F066FF51
:1027F0000A4B185DFEF79AF8094B0100180000F02B
:102800005DFF0134074800F059FF0A2CE9D110BDE3
:10281000D5B70010E4B70010E9B700106734002006
:10282000ECB7001038B8001010B51E2005F0A8FF56
:1028300010BD000010B5052007F0E2FF5B4B04005F
:10284000984200D8B1E05A4908F002FF594A030003
:10285000944200D898E0C00801380F2800D991E0D0
:10286000FDF76CFD88008000780070006800600053
:102870005800500048004000380030002800200078
:1028800018001000C046C046C046C046C046C046FC
:10289000C046C046C046C046C046C046C046C04608
:1028A000C046C046C046C046C046C046C046C046F8
:1028B000C046C046C046C046C046C046C046C046E8
:1028C000C046C046C046C046C046C046C046C046D8
:1028D000C046C046C046C046C046C046C046C046C8
:1028E000C046C046C046C046C046C046C046C046B8
:1028F000C046C046C046C046C046C046C046C046A8
:10290000C046C046C046C046C046C046C046C04697
:10291000C046C046C046C046C046C046C046C04687
:10292000C046C046C046C046C046C046C046C04677
:10293000C046C046C046C046C046C046C046C04667
:10294000C046C046C046C046C046C046C046C04657
:10295000C046C046C046C046C046C046C046C04647
:10296000C046C046C046C046C046C046C046C04637
:10297000C046C046C046C046C046C046C046C04627
:10298000C046C04607221340581E07280DD8FDF741
:10299000CBFC0B0A090807060504C046C046C04622
:1029A000C046C046C046C046C04610BDFF083D00F8
:1029B00000093D00FF50250210B5FFF735FF10BD9F
:1029C000704710B5FFF7FCFF10BD0000F7B500F031
:1029D000B9F91D4B051E1D4C2BD0002269461878F5
:1029E000009220180A7100F0DDF9194F061E0FD071
:1029F000184B0522187869462018FDF723FD01239E
:102A00003B7000280DD10025FFF7DCFE2800FEBD3D
:102A10003B78002BF7D0010005226846FDF734FD16
:102A20003E700C4B0522187869462018FDF780FD92
:102A3000EAE71978074B61181878201800F020FA97
:102A4000FFF7BFFFE2E7C046713400206734002083
:102A5000990F00205C34002010B572B6D023BE213F
:102A60001B0649005A58002AFCD0BFF35F8F012291
:102A70008240084C9A62C200121905245460064A2A
:102A8000800080184A224260BFF35F8F5B5062B6BD
:102A900010BDC0460040014000C0014070B50A4C66
:102AA0000A4D2068431C01D0FFF7D6FF0434AC4226
:102AB000F7D1074C074D2068431C01D0FFF7CCFF2E
:102AC0000434A542F7D170BD7408002088080020A6
:102AD00060BC001078BC0010F7B5294B0D000093C6
:102AE000009A8B009B5801905A1C48D072B6D02295
:102AF000BE201206400011580029FCD0BFF35F8FA2
:102B0000012426001F4FD9009E40C919052756628F
:102B10004F601D499B005B18402159609661BFF3CF
:102B20005F8F125062B6FFF785FE22000621002457
:102B30009446164806680023771C07D0D0231B064E
:102B40005B68F34066463340013B134001391C4348
:102B50005200C9B2E4B2D2B204300029EAD1009ADC
:102B6000AB00D058431C01D0FFF776FF21004B1E6D
:102B700099412800C9B2FFF71FFF019B5C55F7BDC3
:102B8000740800200040014000C0014060BC0010FB
:102B900070B5184886B00378002B0CD101AB190032
:102BA000154A70CA70C130CA30C114490A0070CBCE
:102BB00070C212CB12C20278052351424A41052449
:102BC000524213400E4A13700E4AE31A1370FFF775
:102BD00065FF0A2200210C48FDF756FC0A2200215D
:102BE0000A48FDF751FC200000F04AF8FFF7E5FD28
:102BF00006B070BD8808002070B600107408002070
:102C0000713400205C340020673400205D340020E3
:102C100030B5002485B00622210002A80194FDF7FA
:102C200033FC2100013401A8E4B2FFF755FF052C65
:102C3000F7D1104C0A22200001A9FDF703FC050082
:102C40006B1E9D41EDB2002804D00A22200001A98C
:102C5000FDF76EFC084B05221978084B2000C918B7
:102C60002B0000F00FF80400FFF7B0FE2043C0B2C5
:102C700005B030BD5D340020713400206734002081
:102C800070470000F7B506001C1E134F009101921B
:102C900007D001233B7004F06FFA104B186000203E
:102CA000FEBD3D78002DFAD00C4B186804F0B8FA40
:102CB0000428F4D93100019A0098FDF7C3FB0028DD
:102CC00005D03100019A0098FDF732FC2C0000235A
:102CD00020003B70E4E7C046A00F00209C0F0020BE
:102CE00010B58023D02405222406DB00A362064B06
:102CF00064205A65054B3D32DA6205F041FD60689B
:102D00004005C00F10BDC0460040014000C001405A
:102D100070B5C82405F0C8FC051E08D1013C054863
:102D2000A4B206F078F8002CF4D105F0ADFC280030
:102D300070BDC04610270000014B58787047C04650
:102D4000A40F0020014B18787047C046A40F002044
:102D500010B5FFF7DDFF084C2070FFF7C1FF607072
:102D6000FFF7EAFF054B1870FFF7ECFF002801D0D2
:102D700000F044F810BDC046A40F002088080020D1
:102D800010B5FFF7DFFF002801D100F03BF810BDC0
:102D900009220020024B1B789A424041C0B2704782
:102DA000A60F002070B5134C050023780E00092BE8
:102DB00012D83100280000F05FF8002816D12378DF
:102DC000FF2B01D0013323702378092B10D904F095
:102DD0001BFA094B188007E0074B188804F019FA12
:102DE000FA235B009842E4D2002070BD00232370D8
:102DF0000120FAE7A60F0020A20F002010B504F072
:102E0000B3FA10BD10B504F09DFA10BDF8B51E0060
:102E100006AB04001D88002A0ED00C200700674373
:102E2000134BFF5C974200D23A0060431B1858884E
:102E3000104BC018FDF77CFB200004F099FA071E28
:102E400013D0002D11D00C210A006243084B9A18B0
:102E500010792A00A84200D2020061435B18D98889
:102E6000044B3000C918FDF763FB3800F8BDC046BD
:102E70008C080020A80F002010B500F099F810BDB4
:102E800010B500F0A7F810BD30B50D4D85B028681D
:102E900004F0C6F9012463280FD9FFF76DFC002365
:102EA0000230039004220220009303A9FFF7AEFF33
:102EB000041E02D004F060F92860200005B030BD87
:102EC000C40F0020264BF0B51D68012389B0009384
:102ED00002AA0E339B180022029110001100FFF786
:102EE00095FF204E041E32D01F4B0135186804F0A8
:102EF00097F963281DD900220527110006AB012090
:102F00000097FFF783FF39000390280002F09DF936
:102F100002ABDB7B83421AD1039B002B17D004F05A
:102F20002BF9114B18600522300006A9FDF700FBB4
:102F30000EE00521280002F088F902ABDB7B83421A
:102F4000D9D10522290006A8FDF7F2FAEBE7002403
:102F5000052231000298FDF7EBFA200009B0F0BD20
:102F600078BC0010B80F0020C00F0020F0B585B06D
:102F7000160002900391FFF70BFF0A27002800D1EB
:102F8000093F012503990298B04700280ED1013569
:102F9000BD420BDC2B0004006B4301930A2005F0BB
:102FA000EFFB019B01349C42F8D1EBE705B0F0BD8B
:102FB00070B5064A04000D00FFF7D8FF002804D0C2
:102FC00029002000024AFFF7D1FF70BDC52E001076
:102FD000892E001070B50D0007F024FB0D4B052263
:102FE0001C682900661C3000FDF7A2FA052130009C
:102FF00002F02BF9207007F01DFB07F013FB064BC6
:10300000A0681A68904202D01860FFF7A7FB07F08B
:1030100011FB70BD78BC0010B40F002010B5FFF795
:1030200055F910BD10B504F061F804F0A4FEFFF7E7
:10303000EBF804F0A5FEFFF725F904F0BBFE04F061
:10304000C1FEFFF7EBFF04F0DBFE04F06FFE04F0BF
:103050005BFE02F0B7F9FFF7EFF8F0E70300DA687C
:103060000800511C10B5D96019698A4204D21C6845
:10307000002C02D05968A04710BD9B689854FBE70C
:10308000F7B51E00C36804000093089B150001916A
:103090009B070DD0002D0DD1089B9B0715D4F7BDC4
:1030A00020212000FFF7DAFF0137B742F8D3F1E71C
:1030B0001700FAE7019B013D2000595DFFF7CEFFA5
:1030C000E8E720212000FFF7C9FFE368009A9B1A78
:1030D000B342F6D3E3E70000F0B58FB004901D00D3
:1030E000081E159F169C039221D123051BD4302264
:1030F00006AB1A70102301309C430200A30740D492
:1031000001232340002F08D0002B3AD0039A002A35
:1031100002D10C32144200D0013F0200002B30D00B
:10312000302106AB29E0102DE7D1AC43E5E7612360
:10313000A20600D541230026DBB20A3B029005938C
:103140002900029808F054FA059B8446C8B2C318B7
:10315000DBB2092901D83030C3B2082204A989188A
:103160008B55029B701C9D42C7D82028C5D0634652
:1031700006000293E4E7D1540132974201D9202A94
:10318000F9D1302306A901E08B540132149E9642F6
:1031900029D9202AF8D1082D0FD1202831D0102389
:1031A00026009E433300A60427D41C003B0004984D
:1031B0000094FFF765FF0FB0F0BD4F4B1C42F5D0F8
:1031C000230525D5102D7AD1A30673D41F2AEDD857
:1031D000230078201C00885401321F2AE6D83023AF
:1031E0008B5401322BE0082D26D1904224D210239B
:1031F00026009E433300A6046CD5240575D51C001B
:10320000EBE73D4B1C42D1D02305DBD4002A3ED056
:10321000149B934201D09742D4D19042D2D2230042
:10322000561E012A18D0102D0CD0022D4FD1023A73
:10323000B0424AD3320048E02F4B1C42E4D11F2A4F
:1032400015D9B3E72024023A1C40B04200D3320023
:10325000002CBED05820BDE7102D11D15822980661
:1032600000D420320A7030221C004A702E3A039B90
:10327000002B31D02D238B54013297E76222F1E7E6
:10328000022DFBD030221C000A702F3AEFE7102DE0
:1032900008D15823A20600D420330B703023022219
:1032A0004B70E4E7022D01D16223F6E730230122BF
:1032B0000B70DCE71F2A00D978E72300CAE7022D4C
:1032C0008BD123001F2A00D970E7622082E71C00FF
:1032D000320082E71C00B2E7630701D52B23CAE75F
:1032E000230700D462E72023C5E7149C944297D0BB
:1032F000974284D194E7C0461020000010B5FFF734
:1033000053FA10BDF0B507000D0014008BB02978FA
:10331000002911D13B68002B0BD13A69002A08D053
:10332000B968002905D0FB68934200D3531E0022E0
:10333000CA54F8680BB0F0BD0020013525290AD029
:103340003800FFF78BFEE2E72D2B21D0302B27D161
:103350002F3B150018432B786A1C2B2B1AD0F3D85F
:10336000202B19D0232B19D02A2B2DD000230493E6
:1033700000222B7805922E2B49D180221201104376
:103380006A786B1C11003039092936D80A262CE0DE
:103390000223DEE70423DCE70823DAE71023D8E77B
:1033A000303B092BE2D800230A26049305E00D00E8
:1033B000049B7343303BD31804932A78691C130091
:1033C000303B092BF3D9D3E708CC0493002B04DA64
:1033D00002231843049B5B4204931500C8E7059B36
:1033E0007343303BD31805932B001A785D1C1100F2
:1033F00030390929F3D91D0009E02A2AFBD108CC6C
:1034000002350593DB43059ADB171A4005922B78AA
:103410006A1C6C2B1FD017D8682B24D06A2B2BD09A
:103420002978013578298BD8632928D8622972D068
:10343000632900D197E0252982D0582900D07FE761
:1034400020231843103B49E0742B01D07A2BE7D19D
:1034500080239B000BE06B786C2BF9D1C023DB0041
:1034600018430235DCE76B78682B03D08023150006
:103470001843D5E7C023F3E78023DB00F7E70B0011
:103480000126643BDBB29E4032007D4B1A401E4257
:1034900013D1732900D18BE0702900D050E7794B0C
:1034A00002CC0343002900D0E0E0009305220A2368
:1034B00038007549FFF7E4FD29E78023DB01642923
:1034C00004D1184310239843063B07E06929F8D03C
:1034D0001023782902D0083B6F29F3D1020501D5CA
:1034E000012290438022D200024041041DD5002ACF
:1034F00000D00CE7216882050FD502900498CE1702
:1035000001900598CA0F8919714000903800FFF7A3
:10351000E3FD0434FBE60223E0E7420601D549B2AD
:10352000EBE70206E9D509B2E7E7002A00D0EEE6AC
:103530000C2106008E43810506D50499029601915F
:10354000059900912168E1E72168420607D5C9B2D3
:10355000049A02960192059A00920022D6E700068C
:10356000F6D589B2F4E702230600221D1E4005921B
:10357000184212D021683800C9B2FFF76FFD00244D
:10358000049B0134A34211D920213800FFF766FDC6
:10359000F6E720213800FFF761FD049B01369E42CB
:1035A000F7D321683800C9B2FFF758FD059CAEE695
:1035B000230004CB06920793002A08D1009006222C
:1035C00038003249049BFFF75BFD079C9FE6059B93
:1035D000002B00D12E4B069A1400D3182278002A13
:1035E00001D0A34214D1069B0200E41A80231B01E0
:1035F0001A400892184203D0059B9C4200D91C0037
:10360000022302001A400992184212D1260006E055
:103610000134E3E720213800FFF720FD0136049B49
:103620009E42F7D3049A0023A24200D3131B013415
:10363000E418069E03E038000136FFF70FFD3178ED
:10364000002907D0089B002BF5D0069B059A9B18F4
:103650009E42F0D1099B002BB7D0049BA342B4D962
:1036600020213800FFF7FAFC0134F6E702930A2321
:103670000193059B380000931023FFF72DFD46E6CC
:103680002108120001200000F8B70010F1B7001067
:10369000FFFFFF7F7FB5074B0A00019300230293D2
:1036A00003930493044B010001A80593FFF72AFE3E
:1036B00007B000BDFD320010FFFFFF7F0FB407B55C
:1036C00004A901C90191FFF7E5FF03B008BC04B0EC
:1036D000184707B500236A46D3716B4601000122E3
:1036E000D81D00F07FF86B46D8790EBD07B50023D2
:1036F0006A46D3806B4601000222981D00F072F8E2
:103700006B46D8880EBD002307B5010001A804222E
:10371000019300F067F801980EBD07B56A460300F3
:10372000D01D01700122190000F063F807BD07B534
:103730006A460300901D01800222190000F059F82A
:1037400007BD07B504220191010001A800F051F85E
:1037500007BDF8B51400D31D6A46DB08DB00D31A99
:1037600000AF9D460500220068460E0000F03AF8C2
:10377000220069462800FCF765FE002804D02200DC
:103780003100280000F035F8BD46F8BD70B50D00D9
:103790000400FFF79EFFA84203D029002000FFF796
:1037A000BCFF70BD70B50D000400FFF79FFFA8427D
:1037B00003D029002000FFF7BAFF70BD70B50D00DF
:1037C0000400FFF7A0FFA84203D029002000FFF764
:1037D000B8FF70BD10B500F07DF910BD10B500F058
:1037E00045F810BD030010B50800190000F056F8A8
:1037F00010BD030010B50800190000F0BBF810BDA3
:1038000070B58025044C6D012A0000212000FCF7D2
:103810003BFE024B635170BDC80F00200810000032
:1038200070B5064D064C02202B5D002B05D100F033
:1038300029FA002801D00120285570BDC80F0020AA
:103840000410000070B5074D074C02202B5D002BC3
:1038500006D000F048FA002802D0002301202B55A2
:1038600070BDC046C80F00200410000070B5FFF7FF
:10387000D7FF0400051E03D1FFF7E4FF200070BD51
:1038800000F002FA0400FFF7BBFF012DF6D1FFF7AD
:10389000D9FF431E98410440F0E70000030070B5D3
:1038A00080249D18080064010021A54204D8034922
:1038B0005918FCF73DFE0121080070BDC80F00201B
:1038C00073B500F0E1F90024A04224D0FFF7A8FF6F
:1038D0008022124D060029002000120100F0E8F9B4
:1038E000A04210D080210E4A0E4B2800490100F062
:1038F00031FF00900191802004226946400100F0D0
:10390000D7F94400E4B2012E01D1FFF79BFF8023D9
:10391000054A5B01EA50200076BDC046C80F002072
:1039200025232284E49CF2CB081000008021802211
:10393000054B49015B58012010B59201934201D318
:10394000FFF7BEFF10BDC046C80F002070B5802431
:10395000074D64010100285900F0BCF90300002064
:10396000834204D02B5902332B51FFF7DFFF70BD88
:10397000C80F00208023F0B5160085B0821805001E
:1039800000915B019A4215D8514F3200C719390096
:103990000098FCF757FD012400280CD03200009954
:1039A0003800FCF7C5FDFFF73BFF019000282CD144
:1039B000FFF748FF0024200005B0F0BD009B1B78F6
:1039C000012E2FD0EA072DD48022D20195423AD27F
:1039D000009A507800021843012823D843425841E6
:1039E0001F234042984360386B0A18436B08DBB2D0
:1039F0001B02C0B21843FFF7A9FF040001285FD1E2
:103A0000009B023E023502330093002ED6D1FFF711
:103A10008DFF0400019B012BCDD1FFF713FF002880
:103A2000C8D0C8E73F2D0ED8402028431B02C0B2A3
:103A30001843FFF78BFF0400012841D1009B013E92
:103A400001350133E0E73700052E00D905270023B3
:103A500000240722029303942B0C1340FA00134313
:103A600002AA13702B0A5370130000999570D81C8A
:103A70003A00FCF75DFD02AB1888FFF767FF040012
:103A800001281DD102AB5888FFF760FF0400012810
:103A900016D1012E0FD002AB9888FFF757FF040014
:103AA00001280DD1032E06D902ABD888FFF74EFFAF
:103AB0000400012804D1009BF61BED19DB19A3E7D4
:103AC000FD2323405A4253415B421C40A2E7C046BB
:103AD000C80F0020F0B589B0FFF792FE00F0C4F8DF
:103AE000002805D1FFF78CFE0024200009B0F0BDAE
:103AF0008022594C00202100120100F0F7F8002824
:103B000031D08021554B564A2000490100F022FE59
:103B1000060080200D00042206A9400100F0E6F80E
:103B2000069BB34202D1079BAB4201D0FFF768FE70
:103B30004C4E04AB9D1D2900300000F0E7F8002832
:103B40005DD02B88002B59D004AA1381DAB2B51CA2
:103B5000910901295BD002295ED080277F010029CD
:103B600004D0E55165E0FFF74BFEBBE70A2104AB4B
:103B70002800C91800F0CAF80028F2D004AB1A7A5D
:103B80000923E02004A95B1819785B78C0021B02A6
:103B90000B435BBA11049BB201400B430293D30861
:103BA00001930723019A351D1A40029B03929B182B
:103BB000BB42D6D80623019A1A4206D0280007A98C
:103BC00000F0A4F80028CCD0B51D019B5B0708D5F8
:103BD0000E2104AB2800C91800F098F8002836D050
:103BE00002350B21029B039AE01804ABC918FCF7BD
:103BF0009FFC80232E009B019D429AD301208023AD
:103C00005B01E650002814D0FFF790FE13E03F213F
:103C10001B0A0A40A354ECE7F8205102800101403E
:103C200080201B0A5B000B43591C4001814208D3D2
:103C30002550FFF745FE041E00D056E7FFF7E0FDD4
:103C400053E79206D20FE25400236354D1E7802356
:103C50005B01E550EDE7C046C80F0020E49CF2CBC5
:103C60002523228408100000802210B50349520049
:103C70000348FCF75DFC012010BDC04600000010A9
:103C8000542000200120704710B5EFF3108372B666
:103C90008021FF20054C89014003236007F0D0FC00
:103CA000236883F31088012010BDC04650200020F7
:103CB00010B5EFF3108372B6054C2360FF235B034E
:103CC000C01807F0CDFC236883F31088012010BDD5
:103CD0005020002007B56B46D98006330122190019
:103CE000FFF7E6FF0EBD01207047000010B552003F
:103CF000054C1218091A904201D1012010BD035B36
:103D0000DB430B520230F6E700E01F1010B5012232
:103D1000FFF7ECFF10BD0000002210B5064B074C6A
:103D2000074808499A6101329C60D86019611C33C8
:103D3000202AF7D110BDC046D825002071420010BE
:103D4000D1410010ED400010A022F0B5124E00212C
:103D500085B052003000FCF797FBC0220F4C0021C9
:103D600020005200FCF790FB002501AF39002660CF
:103D7000E8B201F09FFB002806D10822390030008C
:103D8000FCF7D6FB3B89A38001350A360C34202D85
:103D9000EBD105B0F0BDC04672340020582400209D
:103DA000F823DB01984205D1034B1B685A1E93414F
:103DB0005B4218407047C046B0080020F0B50026AE
:103DC0000227244C85B001AD2900F0B201F096FB2A
:103DD000011E38D1200010220830FCF755FB0922C3
:103DE0002B882380AB79A370AB88E370EB792371C8
:103DF0002B7A63716B88E380AA566B7A002A01DB09
:103E0000154A62610122134200D022723B4202D065
:103E1000227A3A4322720422134202D0217A0A43C0
:103E200022720822134202D0217A0A4322721022FF
:103E3000134202D0217A0A4322722022134202D076
:103E4000237A1A43227201361834202EBBD105B0D2
:103E5000F0BDC046542100205424002010B5FFF7C7
:103E60005BFFFFF771FFFFF7A9FF10BD7FB50400EF
:103E7000202922D140780D281FD8FCF755FA0717C2
:103E80001F1E1E3440491E535C666F720822734920
:103E900001A8FCF74DFB1F220021601CFCF7F4FA7F
:103EA000062308222370201D01A919E07C2323701A
:103EB0007B3B63700023A370E3707FBDE178A37840
:103EC00009021943BE2349015B009942F5D20A0059
:103ED00020329A4200D91A002000614B521AC918A8
:103EE000FCF726FBE9E71F22FF21601CFCF7CCFA58
:103EF0005C4B1B6823705C4B1B686370DDE7012221
:103F0000594B1A60594B31321A6003F07DF9D4E7EE
:103F1000544B1B682370544B1B686370534B1B68D6
:103F2000A370CAE7E078A37800022022210018439A
:103F300000F054FBC1E7E078A37800021F22611C67
:103F4000184300F075FB2070B7E7E078A378000213
:103F50001C22211D184300F085FBF4E700F00AFB4A
:103F6000ABE7A0780628A8D8FCF7DEF9040D1B3AC9
:103F7000455964001F220021601CFCF785FA2023AC
:103F800023706370CCE7E57800210A2201A8FCF7D2
:103F90007BFA280001A901F06BFA20700A22601C4C
:103FA00082E701AD0A22211D2800E678FCF7C0FA5D
:103FB0002888FFF7F5FE28806888FFF7F1FE688003
:103FC000A888FFF7EDFEA880E888FFF7E9FE290042
:103FD000E880300001F05DFA2070FFF79DFE6CE78D
:103FE000E5780A22002101A8FCF74EFA280001A971
:103FF00001F060FAD1E70A22211D01A8E578FCF75B
:1040000097FA6B469889FFF7CBFE6B4601A998811A
:10401000280001F061FA2070FFF796FE4DE7E57881
:104020000A22002101A8FCF72FFA280001A901F0BB
:1040300065FAB2E70A22211D01A8E578FCF778FAB3
:104040006B46D888FFF7ACFE6B4601A9D8802800E4
:1040500001F066FA2070FFF7B1FE2EE7FEB7001000
:104060007CBC0010B0080020882900208429002092
:104070000D4B07B5188080239B01984202D2FCF7B4
:1040800001FB07BD6A46094B138003F0BDF801230D
:104090006A46034353800223FF33938000980199BB
:1040A000FCF78CFCEDE7C046B2350020F0F0FFFFD6
:1040B0000C4B07B5188080239B01984202D2FCF775
:1040C000F7FA07BD6A46084B138003F09DF80123F9
:1040D0006A4618439380508000980199FCF76EFC63
:1040E000EFE7C046B2350020F0F0FFFF70B5214C7D
:1040F00006000D00C8B2210001F0BAF9011E38D146
:104100001D4BD88B00281CD000231C4A07F090FAC6
:1041100000231B4A80185941FA220023920007F01D
:104120007FFA04F078FE0022164BEDB2585DB270B3
:1041300001385A5504281CD8FCF7F6F818050B0D61
:1041400018000120EDE7608800280FD0FFF7B0FFCE
:104150000FE0A088F8E7E0880028F7D1238860887E
:10416000002B04D00028F1D11800EFE720880028A8
:10417000ECD170BD58290020B435002040420F001A
:10418000E70300006229002010B50400FFF770FF6C
:104190000C4BD88B002813D000230B4A002107F0CA
:1041A00047FA0023094A80185941FA220023920055
:1041B00007F036FA04F02FFE2000FFF779FF10BD5C
:1041C0000120F7E7B435002040420F00E70300006C
:1041D00070B5254C06000D00C8B2210001F048F969
:1041E00000283AD1B278214BEDB2012A0DD1727973
:1041F000500733D4D20731D502225A55608800289F
:1042000010D12088002828D00CE0022A23D10420D5
:104210007279024217D1D20707D403225A55A088D7
:10422000002812D0FFF724FF17E05855E088002837
:10423000F8D12088002814D0FFF7A6FF6088002856
:10424000F0D12088EEE705225A552088002804D0B6
:10425000FFF79AFFF5E706225A5570BD01225A551D
:10426000CFE76088CEE7C0465829002062290020A9
:1042700070B50D4C0500C8B2210001F0F9F8002816
:1042800011D12488002C0ED0AB78032B09D120004B
:10429000FFF77AFF2000FFF777FF2000FFF774FF9A
:1042A00001E0032BF9D870BD582900207FB50A4BD7
:1042B0000400C3180D00FF2B09D801AE3100C0B2B5
:1042C00001F0D6F8002802D1308904B070BD290071
:1042D000200000F0E7F9F8E700A9FFFF2020704771
:1042E000030000201F2B03D81C305843014BC0187B
:1042F0007047C046D825002070B54B79002B1CD1E3
:10430000164BC01884B2FF2C17D8154DE0B2290007
:1043100001F0AEF8002810D11C2363431148C318E4
:104320009B78012B0BD12B88002B06D06B88002BA0
:1043300003D0AB88EA88134306D0012070BD022B5E
:10434000FBD1AB88002BF8D01C2301226343C0189B
:1043500043799343437102F0B7FAEEE700A9FFFFF8
:1043600058290020D8250020202070470300002075
:104370001F2B03D818305843014BC0187047C04654
:104380005421002070B5104C0A21A08807F060F974
:104390000E4D0F4B2870E2880A211A7062890D4B6E
:1043A0000D4D1A70A2890D4B1A70E08907F050F973
:1043B0002870228A0A4B1A70628A0A4B1A70A28AE3
:1043C000094B1A7070BDC046B4350020C1080020EA
:1043D000C0080020BF080020BD080020BE08002043
:1043E000BC080020BB080020BA08002013B5080054
:1043F000032A24D90623134A11785278CC070B409C
:10440000E40F234308240C40234310240C4023438F
:1044100020240C40234340240C40C909C9012343F4
:104420000B43D1079207C90DD20F0B43520213431E
:1044300001A904220193FCF77BF8002016BD01209E
:104440004042FBE7543400200300080011005A8862
:1044500010B58A4204D85968FCF76AF8002010BDEC
:1044600001204042FBE7000013B5032A37D904229C
:1044700001A8FCF75DF8FCF727FC0121019A194B14
:1044800050081400084088400C40204394080C4019
:10449000A4002043D4080C40E400204314090C403D
:1044A0002401204354090C406401204394090C402A
:1044B000A4012043D4090C40E4012043140A0C4019
:1044C000520A0A4024025202204310431A88920AD8
:1044D000920210431880FDF7F4FD002016BD012064
:1044E0004042FBE75434002010B5024B188800F01E
:1044F000B9FA10BDB435002070B50024A5B228006B
:1045000000F0A0FF054B195D884202D0280000F0A2
:10451000A5FF0134242CF1D170BDC046B435002074
:1045200010B54388934207D81A004068FCF700F89A
:10453000FFF7E2FF002010BD01204042FBE7000032
:1045400070B50024A0B200F07DFF084B185501346F
:10455000242CF7D10024064D2B69002B00D098475E
:1045600001341435152CF7D170BDC046B435002088
:10457000F8BD0010AF220820154B10B51A80154A5F
:1045800014215A800A221881588200209A80D980EA
:104590005A818918DA811E329A820A32DA82963278
:1045A00099811A833231C33A19829A83D883198444
:1045B00058830333DA77FFF79FFFFCF785FB8020F2
:1045C000054BC0001880FDF77CFDFFF7B9FF10BD5B
:1045D000B43500208813000054340020F0B50E00DC
:1045E00085B00190FF2130001400FBF74DFF012C36
:1045F00017D9002002270C4B0C4D009302AA911DE5
:104600002B88019A0B80934204D902223018FBF7C1
:104610008FFF3800009B9D4203D0871C1435A742B2
:10462000ECD905B0F0BDC04688BF0010F8BD001041
:10463000F8B5040000231427094D3E005E437019AD
:10464000AE5BA64205D18368002B06D10120404213
:1046500004E00133152BF0D1F8E79847F8BDC046C8
:10466000F8BD0010F8B5002314270D4C3E005E4342
:104670003519A65B864205D1EB68002B06D10124D3
:1046800064420BE00133152BF0D1F8E7280098477E
:10469000041E03D12B69002B00D098472000F8BDE1
:1046A000F8BD0010014B188B7047C046B435002090
:1046B000024B587F012318407047C046B435002094
:1046C0000120024B5B7F5B0898437047B4350020A4
:1046D000024B587F0007C00F7047C046B43500201A
:1046E000014BD88A7047C046B4350020272806D829
:1046F0001D2818D8031F0020192B0ED97047382801
:1047000005D82C2805D82B2803D00020F6E76428EC
:10471000FBD1074BDB7E9B0802E0054BDB7E1B09D0
:1047200001209843EAE7024BDB7EDB08F8E7C0464E
:10473000B4350020024BD87E8006C00F7047C046BB
:10474000B4350020024BD87E4006C00F7047C046EB
:10475000B4350020F0B5471806001900100089B0E4
:10476000B74201D809B0F0BD33784A0143401C007C
:104770001B02079300230693E30E1A436301019281
:1047800000931222002320000D0006F051FF009A32
:10479000019B8018594100196941630EEA011A43CF
:1047A000E30103920293029A039B80185941230E5E
:1047B0002A021A43230205920493049A059B801847
:1047C0005941069A079B013680185941C8E70000F5
:1047D000082210B50D4C0220237893432370FDF777
:1047E000A7FA10222378134204D0934302202370A7
:1047F000FDF77AFA20202378034203D08343237005
:10480000FDF772FAFDF7A8FB10BDC046B408002002
:1048100010B50400002902D00220FDF781FAC02261
:10482000054B9201E3189BB2934200D2E4B2200000
:10483000FBF728FF10BDC04600E0FFFFC022054B7C
:1048400010B5C3189BB29201934200D2C0B2FBF7DD
:104850002FFF10BD00E0FFFF30B50F2403092340F8
:1048600020400E3C8440064D5B005A5B2000140043
:104870008443002901D0024394B2EC5230BDC046BB
:104880008C2900200F210309044A0B405B009B5A2E
:104890000840034118000123184070478C2900206C
:1048A000F7B5474E1C0033780500464F0091019242
:1048B0005B0700D474E03888A84202D0002D00D0F5
:1048C0006EE004233178022599430A0031702A40B2
:1048D000033B294209D13C4B00991B88CB1A3B4929
:1048E0009BB209888B4252411300012219001140EA
:1048F0000B00022593403278AA4313433370FFF72D
:10490000ABFFFDF7EBF9284206D0102332782800E0
:1049100013433370FDF7F0F9FDF7E0F92023284D3C
:10492000184205D02A7818001A432A70FDF7E4F9D6
:104930002978244E890722003088C90FFFF768FFC5
:10494000019B002B05D1224BD88B00280ED10120D2
:104950001AE021003088FFF7EDFE0028F3D0210097
:104960003088FFF7EFFE0028EDD1F7BD0023194A8C
:10497000002106F05DFE0023174A80185941FA22F3
:104980000023920006F04CFE04F045FA297822003C
:1049900089073088C90FFFF751FFFFF719FF0AE0B9
:1049A0002800FFF76FFF220001002800FFF746FFF5
:1049B0003B88AB42F1D0044B009A1A80D5E7C04641
:1049C000B4080020B6290020B8290020B60800202D
:1049D000B435002040420F00E703000010B5012469
:1049E0000C4BDB7E234214D00B4B1B785B0710D59E
:1049F00002F00AFC094B0A4A1B881288C31A9BB2B0
:104A000001009A4205D8074A074B10882200FFF799
:104A100047FF10BDB4350020B4080020B82900209D
:104A2000B6080020B6290020AC290020012010B5CE
:104A3000040005490B78DA07D20F944383432343DC
:104A40000B70FFF7C5FE10BDB4080020012110B5A2
:104A5000034A13788B431370FFF7BAFE10BDC046AC
:104A6000B4080020014B18807047C046B6080020EB
:104A7000F0B57B4F0400FB7E0D0085B0DB0762D5EF
:104A800002F0C2FB02906B79002B5FD0754E337839
:104A90005B0705D500220100734B1000FFF700FFF4
:104AA000724B9C4242D0724B9C4238D0714B9C421C
:104AB0003FD1012332781343337029002000FFF7E0
:104AC00015FE6A79002800D1C6E0002A00D1BDE0B9
:104AD000FDF704F90600FDF751F930430226664B55
:104AE000C0B2B043019347D00023019A1380FB7EEC
:104AF0001F00374033423FD139002000FFF7ACFEA2
:104B00002A0039002000FFF783FEFDF737F9B04394
:104B1000C0B2FDF78FF93000FDF764FA71E0FFF7DE
:104B200085FF504B1B78DB070DD5C6E7FFF78EFFDF
:104B3000F7E7C022514B9201E3189BB29342F0D2A7
:104B400000224D4B1A80012005B0F0BDE12C05D1AB
:104B50001021444A13788B431370E2E7E52C03D10C
:104B6000404A20211378F6E7C022444B9201E31813
:104B70009BB29342D5D2E6E73B4E0A223000290091
:104B8000FBF7D6FC00237380019B3D4A1B88354E02
:104B900003929C423CD129002000FFF7CBFD002866
:104BA00036D0019B188833789B072CD4039B029A3C
:104BB0001B882900D31A9FB2019B1888FFF776FB48
:104BC000874225D2FDF78AF80222104206D0102330
:104BD000317810000B433370FDF78EF8FDF77EF847
:104BE0002023184205D0327818001A433270FDF79E
:104BF00083F83178019B89072A001888C90FFFF7CD
:104C000007FE0020A0E72900FFF79CFD0028CDD17A
:104C1000FDF764F80500FDF7B1F80223022705430C
:104C20002B403578BD431D433570FDF7A7F8B843D9
:104C3000C0B2FDF7FFF8019B029A1C80039B38006D
:104C40001A80042332781343337065E72B00200069
:104C50000299FFF725FED4E7002A00D070E772E73B
:104C6000B4350020B4080020AC290020147C0000DA
:104C7000157C0000137C0000B629002000E0FFFF37
:104C8000B829002010B5FDF7F3F910BD10B50020CC
:104C9000FDF79CFD0123184010BD000010B5FDF785
:104CA000B7FF074804F0B7F8FDF7B2FFFFF7EEFFD4
:104CB000002803D0FFF7E6FF02F0C6FA10BDC04699
:104CC0003075000010B5FFF7E9FF10BD7047000018
:104CD000F7B51B4F3B78002B07D01A4E34783B7842
:104CE000A34203D800233B703370F7BD631CDBB2D3
:104CF000019333700E236343134D5B191A79002A15
:104D000010D01A89002A0FD15889104A90420BD02E
:104D10000121FFF7DBFF0E235C4300232D192B71CC
:104D2000FDF70EF8019CDAE758881A88D988000444
:104D300010439A88090411431A89FCF71DFFEAE71A
:104D4000362A0020BA290020C6290020FFFF0000D3
:104D5000704700000023074A1380074AD1790029D1
:104D600001D19171117201339BB20C32202BF5D11C
:104D70007047C046382A002058240020F0B50E4C59
:104D80000E4B25781A7803262B000D499A420FD036
:104D90005F007F5A87420CD10C214143094A5218C7
:104DA00001219171AB4203D103225B1813402370A0
:104DB000F0BD01333340E9E7C4290020C5290020B4
:104DC000BC29002058240020F0B58B7985B00190D3
:104DD000002B38D11E001F4A1F4C127803920398F3
:104DE000DAB290422CD9A28917000A6802921B4AB3
:104DF00094460022029855002D5A002D05D0AF424E
:104E000000D194460132D2B2F4E7144884451DD053
:104E100001206746B8400643012090400200F6B2E8
:104E2000013AB24211D10E2463430B4AD3188A8847
:104E30001D801A8104221A71019A5A810123CB71B3
:104E40000198FFF79BFF05B0F0BD257101330E34CB
:104E5000C5E7C046362A0020C6290020FFFF000013
:104E600070B50C2503260B4B1C780B4B1B78A3420B
:104E700004D1FFF72DFFFFF76DFF70BD2900074B31
:104E80006200D05A064B41430134C918FFF79CFF1A
:104E90003440EAE7C4290020C5290020BC290020AD
:104EA00058240020F7B504000125080000212368DC
:104EB0000A000193AC460B00019E5500AD5B002D2E
:104EC0000FD003681F00002304E0B54200D1614603
:104ED0000133DBB25E00F65B002EF6D10132D2B2B6
:104EE000EAE7002903D09A4200D82000FEBD08005E
:104EF000FCE70000104B70B51B78002B14D00F4C52
:104F00002088002810D002F084F90D4E33888342A7
:104F10000AD20C4A0C4B12781B7800259A4204D016
:104F2000FFF79EFF3580258070BDFFF7D1FE2580FD
:104F3000FFF710FFF8E7C046B80800203A2A002023
:104F4000382A0020C4290020C52900200022074B50
:104F500010B51A80064B1A70064A074B12781A7061
:104F6000FFF7F8FEFFF7B4FE10BDC0463A2A002056
:104F7000B8080020C5290020C4290020054B10B521
:104F80001A78002A02D0FFF7E1FF10BD01221A7043
:104F9000FBE7C046B8080020F0B59C4B8BB00290F0
:104FA0000191984208D14B79002B1BD00122984BDC
:104FB0001A7001200BB0F0BD964B029A9A4206D1AE
:104FC000019B5B79002B0DD0FFF7C0FFF1E7924BFF
:104FD000029A9A4206D1019B5B79002B02D0FFF71F
:104FE000CDFFE6E78D4A8E4B10781B781843FBF710
:104FF0008EFC0400FFF7ACFE844204D0019B1988AC
:10500000FDF7B0FA02900023864C0093039300252D
:105010002268854E6B009B5A002B06D0029999425C
:1050200000D12E000135EDB2F4E77F4A0493964299
:1050300030D0A079002800D096E0754B1B78002B6B
:1050400000D191E0019A52790492002A00D18BE0BC
:1050500021000098FFF744FBE3790700002B09D1FA
:105060000122B240237A13432372704B1A88824282
:1050700000D218800123AB40227A013B934209D130
:105080006B4B188800283BD002F0C3F8874237D218
:105090000123A371039A049B0C341343DBB20393E3
:1050A000009B01339BB20093202BB0D1019B5B7915
:1050B000002B00D199E0039B002B00D195E002F07A
:1050C000A3F85B4B18805B4B1D78072D14D86A1C26
:1050D0001A7001990A2207A8FBF72AFA0E236B43DC
:1050E000554C0A22E418200007A9FBF721FA0123F6
:1050F0005B426381029BA3810120039B584059E7D7
:1051000000200C274D4B1D784D4B1B780593059BBC
:105110009D420BD1A042BDD04A4B00996A00D152AA
:105120000322474B013515401D70B3E7454B6A001C
:10513000D65A3C4B7E43F61821003000FFF7B2FEF2
:1051400000280DD001238371A042A3D03B4A1378DD
:105150009D4205D1864203D103216B1C0B40137085
:10516000032301351D40D2E7E779227A002F12D1BF
:105170000121A9400139914207D000230121B1400A
:10518000227A04938A43227284E70028F6D000989A
:10519000FFF7F4FDF1E713001100501E3341014009
:1051A00002421FD1012213421CD0A388002B14D02D
:1051B00007AD07322800FBF767F902F025F8042352
:1051C0002B71A38868802B8107980899099AFCF7AE
:1051D000D3FC0023E3713B00D0E719000098FFF7F0
:1051E00075FDF6E701221340C8E7144A144B127804
:1051F0001B789A4202D0FFF733FE7DE7FFF768FD88
:1052000000220B4B1A80FFF7A5FD75E7507C0000CC
:10521000B8080020517C0000527C0000C80E00201D
:10522000C90E002058240020FFFF0000382A00206B
:105230003A2A0020362A0020C6290020C42900204E
:10524000C5290020BC2900207047030070B5411813
:105250003125FF208B4200D170BD08241A785040C0
:1052600046B24200D0B2002E01DA6A40D0B2013C10
:10527000002CF5D10133EDE7F0B585B00292039330
:10528000002802D1002005B0F0BD0029FAD0029B11
:10529000002BF7D0039B002BF4D0040000232278CE
:1052A000002A2CD1184D01922F787B1CDBB22B7079
:1052B000002B19D000263201825C9A4214D00136AC
:1052C0008E42F8D1019A002A01D00F4A13702B7830
:1052D000237001F051FF029BC018039B6060A36024
:1052E0000A9B2878E360CEE701225E1CF6B20192A9
:1052F000BB4202D1044B1E70C4E73300D8E7013330
:1053000010348B42CBD1BDE7C02A0020030010B57A
:1053100000280ED0081E0CD0101E0AD01800002342
:105320000478944206D10023037043608360C36015
:10533000012010BD013310308B42F1D10020F8E77D
:10534000F7B516000400019101F016FF336805005F
:10535000C31A002B04DD30600026019B9E4200D161
:10536000F7BD2778002F0ED06068431B002B0ADCA6
:10537000A368E16898472378BB4204D1002805D090
:1053800063681B18636001361034E6E720706060C4
:10539000A060E060F7E7000013B5044C0B0000923A
:1053A000082102002000FFF767FF16BD3C2A0020FD
:1053B00010B5034B020008211800FFF7A7FF10BD2E
:1053C0003C2A002010B50821024A0348FFF7B8FF25
:1053D00010BDC046BC2A00203C2A00200720704790
:1053E0000C234B4352009B18782250431818283046
:1053F0007047002370B506280FD809290DD8052A53
:105400000BD8FFF7EDFF0400FEF763F90502601CFF
:10541000FEF75FF9ADB2284383B2180070BD70B5D6
:105420001D0006280DD809290BD8052A09D8FFF731
:10543000D7FF0400290AFEF7A9F9E9B2601CFEF7BC
:10544000A5F970BD030010B50020232B05D8DC2280
:105450009200981880B2FEF73CF910BD10B52328D1
:1054600005D8DC239B00C01880B2FEF78FF910BD71
:10547000030010B508001F2B08D80A22E52153436A
:1054800089005918FEF7AEF9002010BD01204042F6
:10549000FBE7030010B508001F2B08D80A22E521FE
:1054A000534389005918FEF7A4F9002010BD0120CC
:1054B0004042FBE7030010B508001F2B07D80A2263
:1054C000534304495918FEF78DF9002010BD0120FF
:1054D0004042FBE7D4040000030010B508001F2B76
:1054E00007D80A22534304495918FEF782F90020CD
:1054F00010BD01204042FBE7D4040000030010B5BA
:1055000008001F2B07D80A22534304495918FEF7F5
:1055100069F9002010BD01204042FBE7140600009D
:10552000030010B508001F2B07D80A225343044973
:105530005918FEF75EF9002010BD01204042FBE73C
:1055400014060000F0B52C4B8DB01A6800250192AE
:1055500001221A60002413E0E3B2EFB21900F2B2A4
:1055600038000093FBF744F8F2B2030000993800CA
:105570000136FFF754FF062EEED101340A2C01D07C
:105580000026E9E70135072DE4D1FEF7F3FF0024FB
:10559000C82303AD039404942B81E0B229000134A5
:1055A000FFF777FF202CF8D10A22002106A8FAF78E
:1055B0006BFF0024E0B206A90134FFF78DFF202C19
:1055C000F8D10922002109A8FAF75EFF012325215D
:1055D00000245B4202AA1384083352181370E0B20D
:1055E00009A90134FFF79CFF202CF8D1024B019A46
:1055F0001A600DB0F0BDC046B0080020F8B52830E4
:10560000D227140005005618BF00B44200D1F8BDDF
:105610002B00283B0020BB4202DA2800FEF759F895
:10562000207001350134F0E7F8B5D22704001500E9
:10563000BF00B84206D23A1A8A4203DB28346E18F9
:10564000B54200D1F8BD2300283BBB4203DA20005D
:105650002978FEF79BF801350134F1E7002310B5F6
:10566000062806D8092904D8052A02D8FFF7C1FE62
:105670000300180010BD102070470000004870475C
:10568000AC08000070B5140005005618B44200D1F3
:1056900070BD064B00209D4203DC054BE818FEF769
:1056A00018F8207001350134F0E7C046AB0800005F
:1056B0005407000070B5140005005618B44200D11C
:1056C00070BD054B9D4204DC044B2178E818FEF7C1
:1056D0005DF801340135F1E7AB0800005407000024
:1056E00070B58025044C6D01200000210134FEF7C7
:1056F0004DF8AC42F8D170BD54070000F7B5050075
:105700000F2800D97FE04048FDF7E3FF00287AD159
:1057100080263E4C7601002D21D1002720000197E4
:10572000FDF7D7FF01AD661C2870B8426BD0012889
:1057300064D13000FDF7CDFFA71C6870002862D04F
:10574000431E022B16D83800FDF7C3FFA8700028AF
:1057500002D0280000F0D8FFE61C3400DDE7B44298
:1057600051D02000FDF7B5FF01340028F7D1013DED
:10577000EDB2D0E7431F022B24D83800FDF7A9FF74
:10578000E61CA8700028E8D03000FDF7A2FFE87002
:1057900000280FD0FF2368881B02984201D900021D
:1057A00080B26B78062B07D0072B08D0052B01D1D0
:1057B000FEF7EAFC261DD0E7FEF75AFCFAE7FEF7F3
:1057C00077FCF7E73E000428C7D13800FDF781FFDA
:1057D0000500E01C261DFDF77CFF002D13D00028DE
:1057E00011D0FF2401384443013D6419FA25AD006E
:1057F000013CB2D3280003F00EFBF9E73900280082
:1058000000F016FFA9E7F7BDFF0F000054070000E6
:10581000244B70B50C000125984238D1FCF75EFA94
:10582000214B9A7E2A4203D044210023084201D111
:10583000AA230340910705D5112101404D4269413A
:1058400049420B406479194D510710D5882108420F
:105850000DD0082321001A421BD1002C0FD12B7828
:105860002920002B00D00C3001F08EFB0CE0210031
:10587000120710D5222210420DD0002CEFD00021AB
:105880002920297001F064FBFCF766FB0025280045
:1058900070BD0023EEE7002CE1D03520002BF0D1C5
:1058A0001900EDE7167C0000B4350020C12A002065
:1058B00070B50A4D0400286801F0B2FCFA235B00C1
:1058C000984207D22868064A1060064A1360064BC1
:1058D0001C8070BD01F050FC3223F4E7CC2A00207C
:1058E000C82A0020C42A0020C22A0020027903000E
:1058F00000200A420AD19A780130002A06D01B7A89
:1059000011401B0703D54B1E9941C8B270470F23A6
:105910001000120918400B4009090B431043C01A2C
:1059200043425841C0B2F1E7F8B5244E070033684E
:10593000002B3CD00022224B1A80FCF719FAFCF70E
:105940000BFAF82233685201DC88611EFF3991425C
:1059500001D21C4A1440E4B225006A1E9541DA685F
:10596000EDB2002A03D00020196990470540002DB0
:1059700006D0231FDBB2A02B1AD8200001F004FBB5
:10598000114C002F0ED033681A7AD2060AD422782E
:10599000002A07D018880D4A431E9BB2934201D8B3
:1059A000FFF786FFFCF7D8FA002333602370F8BDB9
:1059B000FCF7D2FA2000FBF7A3F8E1E7D42A002095
:1059C000C22A0020FFE0FFFFD22A00203E7E000016
:1059D000002010B5024B1870FFF7A6FF10BDC0469F
:1059E000B9080020054B10B51A78002A02D0FFF73D
:1059F000EFFF10BD01221A70FBE7C046B908002076
:105A000070B50A4C2388002B0ED0094E306801F087
:105A100007FC084D2B68984206D32088FAF732FE1F
:105A20000023238033602B6070BDC046C22A002053
:105A3000C82A0020C42A0020F0B54C7907000E00C7
:105A400087B0002C14D09B4B98420AD09A4B9842B6
:105A50000BD09A4B98420BD1FFF7C4FF002007B040
:105A6000F0BD0122964B1A70F8E7FFF7B1FFF5E79A
:105A7000934B1B78002B01D10120F0E73B00E03B6A
:105A80009BB20293FCF72AF90190FCF7DBF80500C2
:105A9000FCF774F9019B1D432843C3B20193029B99
:105AA000072B37D86B46042207219A560123394029
:105AB0008B4011005BB29943C9B20191002C02D016
:105AC0001A43D3B201933088FBF7CAFD0500FEF7F5
:105AD0004BFC00280ED00123AB4005930023039319
:105AE000FEF742FC039B834204D20398FEF73EFC80
:105AF000051E32D1734B18680028BDD0029B072BBE
:105B000017D80199FFF7F2FE0028B5D10130FFF751
:105B10000BFFB1E76C4B002C16D11A88BA4204D1A6
:105B20001C806A4B1C606A4B1C80664B18680028FE
:105B3000A2D00388BB4200D0B7E0002C00D1B0E077
:105B4000037A9B0698D4AEE01F8001F015FB00227B
:105B50005E4B18605E4B1A80B5E7019B002B03D1AA
:105B60008378002B00D07AE0EB78059A1A4276D041
:105B700007222B7A134267D1029B934273D8002CE1
:105B800069D12E88B7426AD04E4B04931B689D4260
:105B900065D06B69002B02D01B78002B5FD02800EA
:105BA0000199FFF7A3FE002859D0B74201D1002C7C
:105BB00006D1002E5FD0444B1B88B3424FD1002446
:105BC0000020FFF7B1FE0122049B1D60414B1A70BB
:105BD0006879FCF7C7F8002C08D1002E06D02B8876
:105BE000D8B2043BA02B48D801F0CEF9F823EE88B8
:105BF0005B01721EFF3A9A4201D2374B1E400027CA
:105C0000364A731E9BB29A427F41EB68FFB2002B6B
:105C100003D0012029699847074001235C40002FE9
:105C20000AD0E888FAF7FAFCFCF790F8029B072BF9
:105C300026D83000FFF73CFEFCF78EF9002C00D090
:105C40001AE7FCF789F909E7029A072A0ED8002C0F
:105C500003D09B0703D52E8896E75B0791D4039B5F
:105C60000133DBB23BE7002CF5D1F8E7002CF6D08E
:105C7000DB07F4D5EFE73400A2E7FAF741FFB5E719
:105C8000F5B2043EA02E03D8280001F061F9D5E753
:105C9000FCF762F9124803F0BEF82800FAF7ECFEB0
:105CA000CCE70C4B1C70002031E7002C00D1E3E660
:105CB00046E7C0465E7C00005F7C00005D7C000023
:105CC000B9080020D42A0020D02A0020CC2A0020A5
:105CD000C22A0020D22A0020FFE0FFFF3E7E000003
:105CE0001027000070B505004879002800D1CCE0ED
:105CF000674BEB18222B00D9ABE0FCF7DDF9654CC4
:105D0000654B2080E818212812D8FAF70DFB3FAD2B
:105D100048191C4B1F4E5728A52B5A2E5D87316002
:105D20008F37676D225125543B6A7A99A31543B585
:105D30000123227813434FE00823627813432CE0B9
:105D400002232278F6E704232278F3E70823227857
:105D5000F0E701236278F1E702236278EEE710238F
:105D60002278E7E720232278E4E740232278E1E75E
:105D7000FAF7AAFF802322785B42DBE70C23227824
:105D80009A43D7E7032362789A43D7E7012223781F
:105D9000934321E0082263789343637053E0022227
:105DA0002378F5E704222378F2E708222378EFE747
:105DB00001226378F0E702226378EDE7102223786E
:105DC000E6E720222378E3E740222378E0E7FAF7AA
:105DD0007BFF7F2223781340237034E00C2223784A
:105DE000D6E703226378D7E70122042023785907F6
:105DF000C90F8A43910083430B430821D2008B4390
:105E000098E7012108006378DA07D20F9043022255
:105E10008B430343410093430B43BEE701222378A6
:105E20005906C90F8A4392014021E8E7FAF74CFF6F
:105E300001222378D9094A407F21D2010B4079E71A
:105E40000120FCF7A9F92088FCF73BF9FAF73CFFA1
:105E5000002070BD0020F4E701222378D906C90F85
:105E60008A4312011021CAE7012108002378DA07CA
:105E7000D20F90430200C2E7012263781907C90FCD
:105E80008A430821D2008B4358E70120E1E7C0464E
:105E90000090FFFF54340020FF8FFFFFB5234343E2
:105EA00098B2002B07DA803B1BB2D817C0B2C018DB
:105EB000001240B27047803000040016FAE700007C
:105EC00010B5184B1A78184B1B89D1070CD5174AF7
:105ED000127853439B109BB27F20834203D87E38B5
:105EE000002B00D0D8B210BD910704D50F4A12780C
:105EF00053435B10EFE7520703D50C4A1278534324
:105F0000E9E70B4A10780028E6D00A4A1178074AD8
:105F1000127853438842DED2584305F061FB83B2C6
:105F2000DAE7C046DE2A0020B4350020BF08002092
:105F3000DD2A0020BE08002010B5154B1A78012379
:105F40001A4207D0134B1B789B080120002B0ED060
:105F5000D8B20CE0910703D50E4B1B785B08F4E731
:105F6000520705D50B4B1B787F208342EDD910BD1E
:105F7000094A10780028EBD0084B1978054B1B789C
:105F80008842F1D2584305F02BFB83B2ECE7C046C0
:105F9000DE2A0020BB080020DC2A0020BA080020EE
:105FA0000300CD3810B5122810D8FAF7BDF90A1041
:105FB000141A32323232323232321E23282E3C420E
:105FC0004600FFF77DFF1F4B4042D87010BDFFF722
:105FD00077FF1C4BF9E7FFF773FF1A4B40429870AD
:105FE000F4E7FFF76DFF174BF9E7FFF7A5FF154B38
:105FF0001871EBE7FFF7A0FF124B4042F8E7FFF7FD
:106000009BFF104B40425871E0E7FFF795FF0D4BA7
:10601000F9E70122D13B9A400A4913000A00497866
:106020000B435370D2E70123074A11780B431370D7
:10603000CCE7054A02231178F8E7034A04231178D4
:10604000F4E7C046DF2A0020DE2A002030B5042114
:10605000052202240325334B59569A561C575D5787
:10606000CD2814D1002D01DA0022DA70D9789A787F
:106070000A4351B2002A01D12B4A11701A795B7977
:1060800013435AB2002B01D1284B1A7030BDCE28D1
:1060900002D1002DE8DCE9E7CF2804D1002CE5DAB5
:1060A00000229A70E2E7D02802D1002CF8DCDDE76C
:1060B000D92804D10029D9DD00221A71D6E7DA28BF
:1060C00002D10029D2DAF7E7DB2804D1002ACDDAA1
:1060D00000225A71CAE7DC2802D1002AF8DCC5E7A1
:1060E000D1380E28C2D8FAF715F9080808080808A8
:1060F0000808C1C1C1C10E141800012181405A789D
:106100008A435A70B2E7012009490A7882430A702B
:10611000ACE7074902200A78F8E7054904200A7825
:10612000F4E7C046DF2A0020DD2A0020DC2A002018
:10613000DE2A00202A4B70B51B782A4C1B073CD561
:106140002948FDF7BBFA61782848FDF7B7FA2848D7
:10615000FDF7B4FA0221274D61562800FDF7AEFA8B
:10616000254E3000FDF7AAFA032128006156FDF7FD
:10617000A5FA3000FDF7A2FA042128006156FDF7C8
:106180009DFA3000FDF79AFA052128006156FDF7C7
:1061900095FA1A48FDF792FA194B1A4D197828000A
:1061A000FDF78CFA1848FDF789FA184B2800197882
:1061B000FDF784FA1648FDF781FA01F025F8A37877
:1061C000E278134301D0134B18802379627913438B
:1061D00001D0114B1880200000F0EAFD70BDC046D0
:1061E000980F0020DF2A002007B80010E4B7001045
:1061F0002AB800102CB80010EAB700102FB8001011
:10620000DD2A002032B8001035B80010DE2A002048
:1062100037B80010DA2A0020D82A0020062210B54C
:1062200000210548FAF730F90023044A1370044AA4
:106230001370044A137010BDDF2A0020DD2A0020ED
:10624000DC2A0020DE2A00200222825603000120E0
:10625000002A0BD103229A56002A07D104229A560B
:10626000002A03D105201856431E984170470000AC
:1062700037B55F4C062221006846FAF759F900232A
:106280006A46A370E370237163716B46D2789B7882
:1062900013430BD0574B188800F0BBFF56490B78BF
:1062A000002B28D0554A127890422DDC6B466A4666
:1062B0001B79527913430BD0514B188800F0A9FF7A
:1062C00050490B78002B53D04F4A1278904258DC3B
:1062D0006946200000F092FE002804D12000FFF75C
:1062E000B3FF002801D0FFF725FF062269462000F2
:1062F000FAF71EF937BD454A15780A226A439042DB
:10630000D4DD01330B7001E0FF2BFAD16B4602257F
:106310005D57002D07D0FFF7D3FDFF23002D00DDD3
:10632000FE3B4343A3706B4603255D57002D07D00A
:10633000FFF7C6FDFF23002D00DDFE3B4343E37066
:10634000022020560028B1D003256557002DADD07E
:10635000FFF7A4FD002800D10130A0702800FFF74E
:106360009DFD002801D0E070A0E70123E3709DE7C8
:10637000274A15780A226A439042A9DD01330B703F
:1063800001E0FF2BFAD16B4604255D57002D07D0A5
:10639000FFF7D2FDFF23002D00DDFE3B43432371B9
:1063A0006B4605255D57002D07D0FFF7C5FDFF2380
:1063B000002D00DDFE3B434363710420205600287E
:1063C00000D185E705256557002D00D180E7FFF74F
:1063D00065FD002800D1013020712800FFF75EFD27
:1063E000002801D0607173E70123637170E7C04634
:1063F000DF2A0020DA2A0020DD2A0020C008002041
:10640000D82A0020DC2A0020BC080020C108002077
:10641000BD080020F7B5804BC2081B5C0126009325
:10642000072318407D4B0C009B5C03411900314051
:1064300001917B498D5C7B4905418A5C3540024175
:1064400032401700334200D192E0E120FAF714FB0A
:10645000002C60D00023744A2000002105F0E8F8E9
:106460000023724A80185941FA220023920005F055
:10647000D7F802F0D0FC002D00D186E0E620FAF734
:10648000FBFA0023684A2000002105F0D1F8002320
:10649000664A80185941FA220023920005F0C0F89C
:1064A00002F0B9FC21000098FAF75FFB00235E4A76
:1064B0002000002105F0BCF800235C4A80185941F7
:1064C000FA220023920005F0ABF8060002F0A3FCCC
:1064D000002D00D19BE0E620FAF712FB300002F01D
:1064E0009AFC019B002B66D1002F13D02C20FAF7C9
:1064F0004FFB00234C4A2000002105F099F80023AF
:106500004A4A80185941FA220023920005F088F87F
:1065100002F081FCF7BD300002F07DFC002D1CD0A4
:10652000E620FAF7A9FA300002F075FC2100009885
:10653000FAF71BFB300002F06EFCE620FAF7E0FAF7
:10654000012002F068FC019B002B0DD1002FE1D04F
:106550002C20FAF71DFB0120DAE700982900FAF752
:1065600004FB300002F057FCE120FAF7C9FA2FE0F3
:10657000002D27D0E620FAF77FFA002C00D080E724
:10658000300002F048FC0199D1E721000098FAF7A9
:10659000ECFA0023244A2000290005F049F80023E2
:1065A000224A80185941FA220023920005F038F857
:1065B000060002F030FCE120FAF7A2FA300002F007
:1065C0002AFC91E721000098FAF7CFFA002C03D1BA
:1065D000012002F020FCB9E70023134A2000290023
:1065E00005F026F80023114A80185941FA220023A9
:1065F000920005F015F802F00EFC002F00D189E79B
:106600002C20FAF7C5FA002C00D072E7A3E7019B13
:10661000002BF2D0CFE7C0469CBF00103CC000105A
:106620002CC000101CC0001040420F00E703000007
:10663000F7B50023314A04000D000800002104F0E2
:10664000F7FF00232E4A80185941FA2200239200B6
:1066500004F0E6FF0190207800284DD0012847D1B2
:106660006378012B0CD1A078A61CFAF791FA3400BC
:106670000198002D00D1012002F0CDFB0134EAE7A2
:10668000022B04D1A078A61CFAF7F6F9EFE7032B4A
:1066900004D1A078A61CFAF733FAE8E7042B01D05E
:1066A0000134E5E70A2100208C46164EA278023418
:1066B000B15C671C194212D1002817D000230F4A81
:1066C000C11704F0B5FF00230D4A80185941FA2282
:1066D0000023920004F0A4FF02F09DFBC8E761468E
:1066E0004843303A101862783C00E1E70120F3E7B4
:1066F0002900FFF78FFEC1E7F7BDC04640420F00FB
:10670000E703000085B6001010B50021FFF790FFE9
:1067100010BD0000F0B585B00190029114004279DF
:106720001D000AAB1F782F4B002A12D01C7000F0FE
:106730006BFD2D4B188023002033DBB2072B06D8CE
:106740000723012023409840C0B2FAF741FA05B070
:10675000F0BD1E78A6423AD1234B188800F059FDAF
:10676000019903900298FDF7A1FD039B83422ED26D
:106770002C002034E4B2AE4223D033002033DBB20D
:10678000072B06D8072301201E40B040C0B2FAF7FD
:106790006DFA072C03D93800FAF7FAF9D7E707237F
:1067A00001202B409840C0B2FAF712FA3800FAF7ED
:1067B000EFF9072301201D40A840C0B2FAF756FAAE
:1067C000C5E73800FAF7E4F9072CC0D8F1E7230051
:1067D0002033DBB2072BBAD8072301201C40A0408E
:1067E000EBE7C046E82A0020E62A0020204B13B53C
:1067F000C0180C00062833D8F9F796FD141A040EB9
:1068000020262C0026230093BB331A0019492000B0
:10681000FFF780FF002016BD27230093BE331A0028
:106820001549F4E72623E02200931449BB33EEE731
:106830002723E42200931249BE33E8E72623E2220D
:1068400000931049BB33E2E72723E62200930E4969
:10685000BE33DCE72823E52200930C49273BD6E72B
:106860004B79002B02D00022094B1A700120D2E78D
:10687000E883FFFF1A7C00001B7C0000187C0000EE
:10688000197C00001C7C00001D7C00001E7C0000A8
:10689000E82A002010B5002A00D0904710BD10B59E
:1068A000040002698169FFF7F5FFE078FBF740FA21
:1068B0002079FBF721FAFBF74FFB0622002120008D
:1068C000F9F7E2FD10BD0000427910B5040093070E
:1068D0000FD4022313434371C078FBF721FA2079C8
:1068E000FBF702FAFBF738FB2000E268A169FFF72B
:1068F000D1FF0022044B1A806379DB0702D4200009
:10690000FFF7CDFF10BDC046EC2A002070B54C79D2
:106910000500002C11D00B4B188800280FD0A8427E
:106920000DD0C0B2FDF7DCFC04234279058013438F
:106930004371FFF7C9FFFBF703FA200070BD002485
:10694000FBE7C046EC2A0020274B70B5C3180500B2
:106950000E00FF2B02D90123180070BDC4B2FDF751
:10696000BDFC0023A042F7D92000FDF7B9FC7679E1
:10697000012231004379114093430B4304004371DA
:10698000002E20D000F040FC184B1880A378013373
:10699000A370FBF7A3F9E070FBF7BCF9E3781843A9
:1069A000E070FBF7EBF9A2682071A1692000FFF706
:1069B00071FF0222637913405A4253415B421D40EA
:1069C0000B4B1D80C7E742698169FFF763FF63795D
:1069D0009B07C0D52000FFF762FF054B1A88AA422B
:1069E000B9D11E80B7E7C04600A9FFFFEA2A002000
:1069F000EC2A00207FB50F4C2388002B18D00E4BBB
:106A0000188800F006FC2688050000210A2201A84B
:106A1000F9F73AFD300001A9FDF748FC854207D996
:106A20002078FDF75DFC43795B0701D4FFF74CFF4D
:106A30007FBDC046EC2A0020EA2A0020164B70B524
:106A4000984204D0154B98421CD0012070BD4B7960
:106A5000002B12D000F024F8FAF77EFD00F020F8A9
:106A6000040000F023F8050000F026F829000200D9
:106A70002000FAF76DFE0020E8E700F011F8FAF7C1
:106A800077FDEBE74B79002B02D000F00FF8E3E73E
:106A900000F00CF8F3E7C046777C0000787C00003B
:106AA000014B18787047C046C4080020014B187885
:106AB0007047C046C3080020014B18787047C04695
:106AC000C208002010B52420FCF703FE0F2801D0D7
:106AD000002010BD2520FCF7FCFD6F28F8D14938B7
:106AE000FCF7F7FDBF3843425841F2E710B50028E4
:106AF0000CD00F212420FCF749FE6F212520FCF744
:106B000045FEBF212620FCF741FE10BDFF212420B9
:106B1000FCF73CFEFF212520FCF738FEFF21F1E7C2
:106B2000704710B52720FCF7D4FD10BD704710B595
:106B30000400FFF7FBFF2720E1B2FCF727FE10BDA2
:106B400010B50020FFF7D2FF0020FFF7F0FFFEF79F
:106B5000F9FCFEF7C5FD0120FFF7C8FF10BD10B519
:106B6000FFF7DEFFFFF7DDFFFFF7E0FFFFF7AAFF0C
:106B7000002801D1FFF7E4FF10BD000010B50300AD
:106B80004879002808D0054A9A187F2A03D8D8B235
:106B9000FEF7B4FD002010BD0120FCE70089FFFFD7
:106BA000FF2303707047000070B5674B04001B683B
:106BB0000D000078002B0CD0FE2828D16378022B22
:106BC00002D9053B022B22D829002000FDF74EF9FF
:106BD0001DE0132810D8002810D0013812280DD835
:106BE000F9F7A2FB111A3C4D535F6262620C0C650F
:106BF000696F7C8F9295A300FE28E5D029002000C4
:106C0000FFF7CEFF03E0002363700933A370290070
:106C1000200001F081F870BD6378022B0DD0032BAA
:106C20000ED0012BEAD100F0A7FA030EA370030CDB
:106C3000E370030A23716071E9E7FFF772FFF4E77D
:106C4000424B1B68002BE2D00026F0B2FBF7BEFDE2
:106C5000A31C985501360A2EF7D1D8E76378022B8A
:106C6000CCD1E278A37812021A43237960791B040D
:106C700013430006184300BAFFF759FFC7E7E2784D
:106C8000A1786078FEF7B5FBD3E7637922791B0220
:106C900013435BBAE278A17860789BB2FEF7BFFB42
:106CA000B5E7FEF74FFCB2E7FF232370AFE7FEF72F
:106CB000E2FC6070ABE7FEF7E1FC030A6370A070D2
:106CC000A5E7A0786378E178000218431C299ED8D4
:106CD00040BA221D80B2FEF7D5FC98E71B4B1B681B
:106CE000002B00D193E7A0786378E1780002184385
:106CF0001C2900D98BE740BA221D80B2FEF7DAFCCE
:106D000085E7FEF7EDFC82E7FEF768FBD1E7A078A8
:106D10006378E178000218431C2900D977E740BA6C
:106D2000221D80B2FEF76AFC71E7A0786378E178F3
:106D3000000218431C2900D969E740BA221D80B21D
:106D4000FEF772FC63E7C04688290020B0080020E7
:106D5000014B18607047C046F42A002010B5FBF7BD
:106D6000F1FF002802D1054B187810BD044B1B68B9
:106D7000181EFAD01B689847F7E7C046EE2A002095
:106D8000F42A0020034B10B51B68002B01D05B6870
:106D9000984710BDF42A0020044B10B51B68002B47
:106DA00003D0062202709B68984710BDF42A002089
:106DB000044B10B51B68002B03D002220270DB6865
:106DC000984710BDF42A002007B50A4A030011882D
:106DD00081420DD01080084A1268002A08D0032191
:106DE00001A8017069464B711B0A8B7113699847A2
:106DF00007BDC046F22A0020F42A002007B50A4A3F
:106E00000300118881420DD01080084A1268002AC0
:106E100008D0042101A8017069464B711B0A8B71CF
:106E20001369984707BDC046F02A0020F42A0020C5
:106E30000D4A0E4B11781B6805220233002907D03A
:106E40000B4909787F2903D90A4B18321B68023392
:106E500000201978002901D00130C0B2013AD2B225
:106E60000133FF2AF5D17047D00800206C080020BC
:106E70005434002068080020031E17D0134A1278EB
:106E8000002A14D0124A12787F2A10D9C108002093
:106E9000EF2B0BD80F4A0130126852189178072255
:106EA000134098400840431E9841C0B270470A4AB8
:106EB0001268911C08320878984204D0013191423E
:106EC000F9D10020F2E70120F0E7C046D008002009
:106ED00054340020680800206C08002001230022A0
:106EE00070B55B42851CAC5C8C420BD05E1C02D141
:106EF000002C00D153B20132062AF4D15A1C01D021
:106F0000C318997070BD002210B5831C08301C781E
:106F10008C4200D11A7001338342F8D110BDCB08E6
:106F2000EF2907D8C01807231940063B8B40827809
:106F3000134383707047CB08EF2907D8C018072385
:106F4000012219408A408378934383707047000080
:106F500010B5094B01001B78002B08D0074B1B789C
:106F60007F2B04D9064B1868FFF7D9FF10BD054BDE
:106F70001868FFF7B3FFF9E7D00800205434002069
:106F8000680800206C08002010B5094B01001B7830
:106F9000002B08D0074B1B787F2B04D9064B1868B1
:106FA000FFF7C9FF10BD054B1868FFF7ACFFF9E705
:106FB000D008002054340020680800206C0800200D
:106FC00010B50A4B1B78002B0BD0094B1B787F2B7D
:106FD00007D91E22074B186802300021F9F754FA2E
:106FE00010BD054B062218680230F6E7D0080020D5
:106FF00054340020680800206C08002010B54A783E
:10700000447803000120944223D102229A56002A98
:1070100003D002240C5794421BD103229A56002A13
:1070200004D003240C570120944212D105229A5611
:10703000002A04D005240C570120944209D10020D5
:107040001B795BB2834204D004200856C01A431E49
:10705000984110BD704710B5FFF7FCFF10BD000050
:1070600010B5034B0130C0B21870FFF7F4FF10BD2C
:10707000F82A0020032010B5024B1870FFF7EBFF31
:1070800010BDC046F82A002010B5FFF7E9FF10BD7B
:10709000012010B5024B1870FFF7DDFF10BDC04690
:1070A000F82A002010B5FFF7F3FF10BD70477047B6
:1070B000704710B5FFF7FCFF10BD704710B5FFF724
:1070C000FCFF10BD10B5FFF7F1FF0024FBF7A0FD9A
:1070D000FFF7EDFF2000FBF779FB002804D1013416
:1070E000E4B20A2CF6D110BD0120FCE710B502F085
:1070F00023F801F00FFB10BD10B5F9F7FCFB0248B7
:1071000001F089FE10BDC0466842000010B5FAF7D4
:10711000FBFDFAF715FEFFF753FFFFF77FF800209E
:10712000FFF752FE0020FFF769FEF9F7EAFB10BDFA
:1071300070B572B6D024BE2524066D006359002BAD
:10714000FCD0BFF35F8F02F00FF80022054B1860F0
:10715000054B1A60054B1A60BFF35F8F645162B62E
:1071600070BDC046042B0020002B0020FC2A00200C
:1071700010B5FFF7DDFF10BD70B572B6D021BE228D
:10718000090652008B58002BFCD0BFF35F8F01F033
:10719000EBFF154C154923680D68154AC01A854246
:1071A00008D9144D4019144D5B1923601368134C12
:1071B0001B19136008601468BFF35F8FD023BE22D1
:1071C0001B0652009B5062B6FA2200239200002157
:1071D00004F02EFA00230A4A801859410023094A74
:1071E00004F01EFA201870BD042B0020002B002094
:1071F000FC2A002080C20E00803DF1FF7085410016
:107200003F420F0040420F0010B5FFF7B5FF80B2BC
:1072100010BD10B50400FFF7AFFF001B80B210BD1A
:1072200010B50400FFF7A8FF001B10BDBFF34F8F80
:10723000034B044ADA60BFF34F8FC046FDE7C046F8
:1072400000ED00E00400FA0510B5034803F00EFD60
:1072500000210300080098475542000070B503F074
:1072600065FA0A4D0A4B2A6800249A4205D009485B
:107270002B6001F085FA2C6070BD07482C6003F08C
:10728000F5FC2100030020009847C046FC36002092
:10729000BAB0FECA40420F0055420000F7B50C26B6
:1072A0006B46DC1D002301212000237000F016FA3C
:1072B000002810D02378022B0DD803F0B3F9032354
:1072C000257801216B402000237000F0A3F90028ED
:1072D00004D103F0AFF900F07BF9E1E733006B4331
:1072E000164C195D002908D0154AE3185B88106810
:1072F000C01800F0EBF90028EBD033006B43E21824
:107300009768002F08D0E05C0D4B1968D38852882D
:10731000CB1889180200B8477543641921790029F0
:1073200002D103F087F9BBE7054BE28818688018A3
:1073300000F070F90028F4D1CBE7C0468C0800209B
:1073400078BC001007B500F0CFF90022962100921A
:10735000034B0448FF32C90001F020FD07BDC046C1
:107360009D720010082B002010B500F099FA10BD96
:1073700073B5040000F02CF96B46E0B29D1D0024AB
:10738000287002280BD803F04DF9012128002E782F
:1073900000F040F9A04204D1002403F04BF9200092
:1073A00076BD6A46FF230121D01DD37100F08EF90E
:1073B000041EF1D06B46DA79032329784B409A42B8
:1073C000EAD10C2373430E4D595D00290DD10C23D6
:1073D0007343ED1829790029DFD00A4BEA88186831
:1073E000801800F073F90400D7E7064AEB185B88B1
:1073F0001068C01800F00EF90028E8D1CCE7C046AC
:107400008C08002078BC001072B6D021BE2209067C
:1074100052008B58002BFCD0BFF35F8F7047BFF337
:107420005F8FD023BE221B0652009B5062B670476E
:1074300070B50400081C0E1C03F02CFC002385B260
:107440009D420DD0280003F0C9FF011C301C03F041
:1074500011FE8721C90503F017FD03F01BFCC3B221
:107460002D041B022B43236070BD000001228240CB
:10747000814010B5024C236893430B43236010BD39
:1074800000002050F0B5002485B0029000910392D6
:10749000009B9C4204D3E01A43425841C0B237E0FB
:1074A000FFF7B2FF1D4F01213D681D4E2A00083233
:1074B000914073680191194214D1FFF7B0FFFFF7B3
:1074C000A3FF184BAD00ED18029B7268019902935F
:1074D0000A421FD1009A94421CD02A7801341A70B3
:1074E0000133F2E7FF2301221D40AA400E4B0F4853
:1074F00003991A6001F09AFC0028D3DAFF223B6856
:107500001340FE3A9A400A4B1A60FFF788FF0020AA
:1075100005B0F0BDFFF783FFBAE7C046CC080020F6
:1075200000002050230020502C212050BC2F002090
:107530002C3120501F4B70B59D6B1F4B74461A6841
:107540000123190091400D420BD0D2B293401B4A47
:107550001360FFF759FF0021194801F078FCFFF78D
:107560005EFF1022174B1B689A4015420ED0012275
:107570000433DBB29A401300104A1360FFF744FF54
:107580000021114801F063FCFFF749FF01220F4B76
:10759000196B114209D01A63FFF736FF032108481F
:1075A000494201F054FCFFF73AFF200001F06AFD68
:1075B00070BDC046FC002050CC0800202C3120506B
:1075C000BC2F0020C8080020B82F00200000205049
:1075D00010B5FFF719FF0C4B01211A680B4C130073
:1075E0000833994018235343094A9B1880225201BB
:1075F0001343802212066068014202D0FFF70FFF9A
:1076000010BD1A601A60F6E7CC0800200000205078
:10761000D0002050F0B585B001900291002503F014
:10762000F7FF029BAB4204D85C1B63425C41E4B2AF
:107630002FE0FFF7E9FE1F4F01213C681E4E22009C
:10764000103291407368039119420CD1FFF7E7FEA5
:10765000FFF7DAFE0434A4007368039A13421DD0C6
:10766000FFF7DDFEDDE701220434E4B2A240134B54
:10767000134814491A6001F0D9FB0028DBDA012213
:107680003B6800240433DBB29A400F4B1A60FFF7CB
:10769000C6FE03F0B5FF200005B0F0BD019B01352B
:1076A0001B783351019B01330193029BAB42D3D131
:1076B000D6E7C046C8080020000020502C212050EA
:1076C000B82F0020204E00002C31205010B5024A67
:1076D000FFF7D8FE10BDC046204E0000012210B5B5
:1076E0005242FFF7CFFE10BD5C4B5D491A68F0B502
:1076F0000A401A6080228BB0D20099681142FCD0F7
:107700000121584803F036F9574D2860002800DA67
:10771000A2E05649534803F047F90124060001232B
:10772000002229684F4803F05DF9009423000022ED
:1077300029684C4803F094F9D0231B065C624C4A3C
:107740004C4BF8215A607B224B4BC0205A60802260
:107750000023490206AF520207910003390002AF2D
:1077600006920890102238000993F8F7E1FEF31C06
:10777000F2011B031343414A05201340C022D205E6
:10778000134303933E4B05933E4B049303F038F8A9
:1077900003F024FE3C4903F095FA011C3800FFF782
:1077A00047FE3B00320029682E4803F0A3F9210070
:1077B0002868FFF75BFE21002A4803F0DBF8334F0F
:1077C0003860002848DB3249264803F0EDF8802273
:1077D0000600F821C020002352024902000306924D
:1077E0000791102206A9089002A80993F8F7A0FEB5
:1077F00033000833F2011B031343264A05201340CC
:107800000393254B049302F0FBFF03F0E7FD1E49B1
:1078100003F058FA011C02A8FFF70AFE320002AB7F
:107820003968104803F066F93E6821003000FFF720
:107830001DFE2300F6B2B340184A002113602B68E6
:1078400007200433DBB29C4080235B00146013608C
:1078500002F0F2F903F0D4FE0BB0F0BD00C000401E
:10786000FFFBFFFF00002050C808002064C000108C
:10787000061000000040014000C00140FFFFFF9FD4
:107880000000104000000C400000E149CC0800203E
:107890004CC00010FFFFFFE000000C802C212050A6
:1078A00010B5FFF721FF10BD72B6D021BE22090628
:1078B00052008B58002BFCD0BFF35F8F7047000045
:1078C00001007F23D43170B5040008780340212BD8
:1078D0004BD143B2002B1FDA4B78022B18D0032B6D
:1078E00005D0012B18D1200000F044FD70BD4D796A
:1078F0000B792D021D430FD12300314AC8331A6082
:1079000001232200D034CC32136025600120EDE742
:10791000200000F065FEE9E74B780A2B1ED00B2B08
:107920000ED0092B21D14A790B7912021A43022376
:107930009A431AD122002349C832234D1160E0E74F
:107940004B790A791B02134302D11D4B8A781A70B6
:1079500022000023C8321D001360D2E71B4BCA78F7
:1079600020001A7000F068FEC0E7602300259843ED
:10797000812814D14B78062B11D14B790A79606894
:107980001B02466813432000CA788978B047A84292
:107990000ED023004268C8331A600368B1E794260A
:1079A000B6000B4B5B59002B04D19435B542F8D18E
:1079B00000209BE7200098470028F6D0A6E7C046A5
:1079C000D0080020C82F0020117A0010CC2F0020F2
:1079D000F8090020002370B50B4CD4306360C279E5
:1079E000817912020A434179057909022943857890
:1079F000C078064B0002284300F006FA2060606859
:107A0000002800D0200070BDC02F0020C42F00200F
:107A100010B5D430C379084984791B020A7823430E
:107A2000022B07D1012A01D0062A02D1034B4A7842
:107A30001A7010BD014BFBE7C82F0020CB2F002090
:107A400010B50F24054A11784B1C2340044C2478B0
:107A50009C4202D0034C1370605410BDE8350020E6
:107A6000E9350020D8350020080010B5052943D895
:107A7000F8F75AFC274203272743FFF715FF2C4846
:107A800000F0C0FA2B4800F0BDFA2B4800F0BAFA1B
:107A90002A4800F0B7FA2A4800F0C4FABFF35F8F13
:107AA000D023BE221B0652009B5062B6254B1B788A
:107AB000002B02D00520FFF7C3FF0220FFF7C0FF15
:107AC0001AE0FFF7BDFFFFF7EFFE194800F075FA67
:107AD000184800F072FA184800F06FFA174800F0E2
:107AE0006CFA174800F07CFABFF35F8FD023BE22F8
:107AF0001B0652009B5062B610BDFFF7D5FE0C4826
:107B000000F07AFA0B4800F077FA0B4800F074FAAC
:107B10000A4800F071FA0A4800F071FABFF35F8F6B
:107B2000D023BE221B0652009B5062B60520C5E73B
:107B300070090020040A0020980A00202C0B002065
:107B4000E8080020CA2F0020102210B500210448A8
:107B5000F8F79AFC0022034B1A70034B1A7010BD01
:107B6000D8350020E8350020E9350020F8B50F258C
:107B700001240026214B224A19781378994230D1EA
:107B8000002E00D01170F8BD13701E4B1C701E4BE0
:107B900019780800431E9841C0B2FFF76BFAE8E776
:107BA00013700022174B1A70FFF7B0FA164B1978B2
:107BB0000800431E9841C0B2FFF766FAD9E7137078
:107BC000114B19780800431E9841C0B2FFF748FADC
:107BD000CFE7002113700800F8E71370FFF758FA99
:107BE000C7E71800094F0133385C26002B400528F1
:107BF000C4D8F8F78FFBF2C3E4EEC9D5E83500200E
:107C0000E9350020CA2F0020F7360020D8350020A3
:107C1000F8B50400002594273E006E43114B013552
:107C2000F618300000F07CF9300000F0A3F9042DC4
:107C3000F2D180260C4D7602280000F087F928004A
:107C400000F0AAF9094D0A4B2000EE5001F0B3FCF8
:107C5000084801F0E0F82000074901F097FC074BC5
:107C6000EE50F8BD70090020E80800200000115017
:107C70004C30000050C3000074C000104C200000C5
:107C8000014B18787047C046CB2F00209423434304
:107C900007B50448181800230093034B00F04DFA71
:107CA0000EBDC04670090020A086010010B501007D
:107CB00008220120FFF7EAFF10BD10B501002022C5
:107CC0000020FFF7E3FF10BD10B5010006220020E1
:107CD000FFF7DCFF10BD10B5010003220020FFF705
:107CE000D5FF10BD1FB50F21012269440870044B58
:107CF0000092044800F021FA40B205B000BDC04631
:107D0000A0860100980A002010B50121014800F06A
:107D10005CFA10BD980A00200A0010B5202903D192
:107D200001000320FFF7B2FF10BD000000B589B0CD
:107D3000002320226946064800F076FA002801D187
:107D400009B000BD20216846FEF72EFFF0E7C046CF
:107D5000E808002070477047704710B5FFF7FAFF3A
:107D600002F05CFCFFF7F7FF10BD10B502F057FC06
:107D7000FFF7F2FF10BD10B5FFF794F910BD00003A
:107D800010B5FFF7E1FE0648FFF742FF054B064A34
:107D900006481A6001F03FF80548FBF78FFC10BD5C
:107DA00018360020D02F0020D408002050C3000037
:107DB0003AB8001010B5024B1868FEF7C9FF10BDA5
:107DC000D02F002070B5FFF7D1FE0C4C0225237890
:107DD000052B0ED070BDFFF78FF9FFF773F9002860
:107DE00007D02300DC331B882B4202D0200001F097
:107DF00077FC2378052BEED0ECE7C0461836002040
:107E000010B500F071FB10BD10B5040A032C17D09B
:107E100009D8012C26D07420144A022C01D000204D
:107E200002001A6010BD00200200212C13D0222C69
:107E3000F7D10329F5D80E4A880082580D4808E08A
:107E4000C1B2002002000329EBD80B4A88008258F7
:107E50000A48405CE5E70329E3D8094A89008A58C3
:107E60000930DEE71220074ADBE7C046F8C0001001
:107E700088C0001084C00010ACC00010A8C0001062
:107E800098C000106CC1001072B6D021BE22090645
:107E900052008B58002BFCD0BFF35F8F7047BFF3AD
:107EA0005F8FD023BE221B0652009B5062B67047E4
:107EB00037B5446B626F1378042B12D125007835E7
:107EC0002978033B8B4012891A420AD1200001A96C
:107ED00001F05DFA021E04D02978019B606F01F069
:107EE000ECFB37BD026F70B513780400042B11D181
:107EF000050074352978033B8B4052891A4209D119
:107F000001F095F9021E05D0E3692978206F043B42
:107F100001F0C0FB70BD10B5406BFFF7E3FF10BD73
:107F20001FB503000200084954330191C16F02904C
:107F30000091C3640832031D0121DB6FD26F01F091
:107F400000FA05B000BDC046B17E00101FB50300A9
:107F500054330365064B021D0193836F0290009317
:107F60000121C36FD26F01F03DF905B000BDC046DD
:107F7000177F001010B50400FFF786FF2300783349
:107F80001B78626F11339B00D3185C6000238C3424
:107F90002370FFF784FF10BD10B50400FFF774FFD6
:107FA000230074331B78226F21339B009C500023E5
:107FB00084342370FFF773FF10BD0123022110B535
:107FC00004000372494200F06DFF2000903401F07C
:107FD000D0F92368002B02D0DA681868904710BDEA
:107FE0000123022110B504000372494200F05AFF38
:107FF000200001F00FF910BD002303727047002329
:10800000037270470300020010B50400783319783A
:108010003832406F01F0FAFA200001F0AAF900238B
:10802000237210BD0300020010B5040074331978E8
:108030003832006F01F0EAFA200001F0EBF800237B
:1080400020002372FFF74EFF10BD0B0011339B0081
:10805000C318F7B55C6805000E00002C46D0FFF78A
:1080600013FF230000228C331A70226963699A423D
:1080700002D1E368002B19D1B31C9B00EB185B689D
:108080005B691B68002B11D0270090373B68002BE1
:1080900009D001A9200001F07AF901003868019A9D
:1080A000836800689847200001F07FF9200001A94B
:1080B00001F06DF9019B021E12D1B31C9B00EB185D
:1080C0005B681A68022A0FD15A69116800290BD01F
:1080D0001A8A0B00013A1340114205D12A00D4320A
:1080E0003100280001F0E9FAFFF7D9FEF7BD0B00D7
:1080F00021339B0070B51E5805000C00002E1BD0CC
:108100000234A4002D19FFF7BFFE6B689B695B6802
:10811000002B0CD0330074331B78326F02339B007A
:10812000D3185B6830009B69596801F08AF8300009
:10813000FFF7D8FEFFF7B3FE70BDF0B5040085B0C1
:108140001D000AAB1B78029103930192FFF79CFE7E
:10815000636F1B78042B04D0FFF7A1FE002005B04D
:10816000F0BD27008C373B78002B03D001356B42E4
:108170005D416D42FFF793FE2B002000019A0299AA
:1081800001F078F9019B0600834215D973425E41E4
:10819000FFF77AFE3B7802211E43012320003E7048
:1081A0004942237200F07EFE200001F0E2F8002335
:1081B000237200F03FFDDDE7039B002B01D001207F
:1081C000CDE7200001F097F9F9E770B50400002928
:1081D00003D1200001F08FF970BD836A002BF8D025
:1081E000C56AED1A002DF4DD00222000110001F017
:1081F0001DF9013DF6E770B50500FFF745FE2A6958
:108200006B6900249A420BD1EB68A34208D06B6FD4
:1082100078352A78013494401B891C4063425C41C4
:10822000FFF73DFE200070BDF7B506001D001400ED
:108230000191FFF729FE336F1B78042B03D0FFF762
:108240002EFE0020FEBD370084373B78002B03D084
:1082500001356B425D416D42FFF721FE2B0022008C
:108260003000019901F02EF843424341201A3B703F
:1082700043425841C0B2E5E772B6D021BE2209069A
:1082800052008B58002BFCD0BFF35F8F7047BFF3B9
:108290005F8FD023BE221B0652009B5062B67047F0
:1082A000F8B5076806000D001400002F09D000F093
:1082B0005BFF786030682200846429000830F8F79A
:1082C00037F9F8BD0168130010B5002906D08A6C93
:1082D00008331A6408311800F8F72AF910BD03684A
:1082E00010B50400002B09D018009A6C002108304A
:1082F000F8F7CAF8002223681A605A6010BDF8B572
:108300000B780D001600082B0ED89B00C4182768A8
:10831000002F09D000F028FF7860206832008664C2
:1083200029000830F8F704F9F8BD030010B5100073
:10833000082909D88900C958002905D08A6C083055
:1083400002640831F8F7F4F810BD70B505000400B8
:1083500024352368002B09D018009A6C00210830BE
:10836000F8F792F8002223681A605A600434AC428D
:10837000EFD170BD020070B5D43213790400002033
:10838000032B1BD89178082918D80D4AD25C032AF0
:1083900014D8942353430B4A9B58181E0ED00A4DF1
:1083A00018682A005E68B0472300084AC8331A607C
:1083B000AA6C01205A600023D034236070BDC046EF
:1083C000740E0020000A0020943200209C3200200D
:1083D0000368002B07D091001960511E8A41024B9F
:1083E00019780A431A707047E03200200368181E9B
:1083F00002D018688008C0B270470000036870B5EA
:108400000400002B01D1002070BDFFF735FF236869
:108410001D685C68FFF73BFF002DF4D000F0A4FE60
:10842000FA22001B002400232100920003F000F92F
:108430000023054A801859410023044A03F0F0F84C
:10844000A8426441E0B2DFE73F420F0040420F0024
:108450004B1E072B0BD889000B58002B07D091001F
:108460001960511E8A41024B19780A431A707047ED
:10847000E032002003000020082906D88900CB58EC
:10848000181E02D018688008C0B2704770B508295D
:1084900001D9002070BD890044182368002BF8D052
:1084A000FFF7EAFE23681D685C68FFF7F0FE002D09
:1084B000EFD000F059FEFA22001B00240023210017
:1084C000920003F0B5F80023054A801859410023B3
:1084D000044A03F0A5F8A8426441E0B2DAE7C046D6
:1084E0003F420F0040420F00384BF7B51B78002B7E
:1084F0006BD0374D2C68002C24D100940026013617
:108500002F009435042E5DD02C68002CF7D0FFF797
:10851000B3FE00216369206898470190FFF7B7FE1A
:10852000381DFFF768FE002805D00021A3692068E8
:108530009847002836D1019B5A1E9341009A1A434E
:108540000092DCE7002301270093FFF795FEFBB2C2
:108550000193F9B2636920689847431E9841009BD4
:1085600003430093FFF793FE1A48FFF744FE0028E9
:1085700014D0A3692068F9B2984700280ED0FFF7FD
:108580007BFE154E20683200F9B263689847FFF70A
:108590007EFE00201149B26CFFF778FB0137092FEE
:1085A000D3D1ABE7FFF768FE0B4F20683A000021FC
:1085B00063689847FFF76BFE0849BA6CF0B2FFF7A3
:1085C00065FBB8E7014B009A1A70F7BDE032002056
:1085D000000A00207009002048320020503200209C
:1085E000020010B5D432137904000020032B1BD8ED
:1085F0009178082918D80D4AD25C032A14D89423FC
:1086000053430B4A9B58181E0ED05A69186890475E
:108610002200084BC8321870136023000120CC33AD
:1086200018600023D034236010BDC046740E0020B3
:10863000000A002044320020020070B5D4321379C1
:1086400004000020032B19D89178082916D80C486B
:10865000C55C0020032D11D894236B4309481B5897
:10866000181E0BD01868D2781D69A8472200002375
:108670000120C832D03413605360236070BDC046FF
:10868000740E0020000A0020802110B5034A044B1C
:1086900049020448D15000F08EFF10BD0000115077
:1086A0004C30000018360020034B18780438434241
:1086B0005841C0B27047C046183600207047FEE7E8
:1086C00070B5124C626820681100A3688B4219D8FB
:1086D000D11E00208B4203D303339B1A9B089800C2
:1086E0001018E368C11E0022994203D803331A1AF6
:1086F000920892000021F7F7C7FE054B10349C4208
:10870000E0D170BD20C820C1E0E7C046B0C2001073
:1087100030C30010012310B50B4C2370002363609D
:10872000A360E36000F0FCFC0849094800F098FAF7
:1087300002232370BFF35F8FD023BE221B0652009B
:108740009B5062B610BDC046EC35002030C300100F
:10875000C00C042072B6D02109060B68054A9B00A4
:10876000D3185B68986502235B424B650533137031
:10877000FEE7C046EC35002010B500F0F9F810BD5A
:10878000034A916A936A5B1A9842FBD87047C046C5
:1087900000400540024AD3680343D3607047C04697
:1087A000EC35002010B503689C68A2420CD85C68C8
:1087B0008A600B604C602160596099688A1A9A60DF
:1087C00001235B42836010BD1B68121BECE70000B5
:1087D000F7B5C2601C008B60036848600B60150031
:1087E00059600160142C00D21424D0231B061B688E
:1087F000114F9B00FB185B682919986A00F0BEFCBA
:10880000142600F0B1FC0190431B9C420DD8D023EC
:108810001B061B68741C9B00FB185B682919986A6F
:1088200000F0C4FC2600019DEBE7142E02D90120C4
:10883000FFF7B0FFF7BDC046EC350020F8B50400E7
:108840000D00142900D21425D02714263F063A68BB
:108850000B4B92009B185B686119986A00F0A6FCAC
:1088600000F082FC041BA54203D801363500040049
:10887000EDE7142E02D90120FFF78CFFF8BDC046AA
:10888000EC350020F8B5040015000E0000F06CFC7B
:108890002268944206D102002B0031002000FFF72D
:1088A00097FFF8BDE368C31AEF189F4200D22F006C
:1088B0009368BB4202D92900FFF7C0FF3A0031009C
:1088C0002000FFF76FFFECE770B50400D020000632
:1088D0000568236100230648AD0040194068E26046
:1088E00010300A0063612100FFF7CCFF70BDC04665
:1088F000EC35002070B5D0252D062B681B4A9B0057
:10890000D3185C68236998420CD003684268816878
:1089100013605A609A6852189A6000230360013B02
:10892000A36170BD23000168103321614B600021F9
:10893000016021698B4207D12B689B00D2185368D4
:10894000986A00F029FCECE78B6882689B188B60C2
:1089500000F00AFC2369E1699B68421A9342E0D95E
:10896000C918091AFFF76AFFDBE7C046EC3500209B
:10897000F0B5D0273F063B68334A9B00D3185D68AB
:1089800085B02E00039210362C6900F0EDFBE969EA
:10899000A368421A93424DD8CB18EB6162680093EA
:1089A000236813605A60002323602B699E4207D11D
:1089B0003B68039A9B00D3185B68986A00F0ECFB55
:1089C000BFF35F8FBE235B00FF5062B62000E368F9
:1089D0002169984772B6BE235B00FB58002BFAD082
:1089E000BFF35F8F6369002BCED000F0BDFB009A10
:1089F0000190831A626902939A420BD20220FFF718
:108A0000C9FE2B69B34213D0029A21003000FFF750
:108A1000C9FEB9E72B699E42F7D1009BD218019B92
:108A2000D31A21003000019AFFF7D2FE05B0F0BD45
:108A30000023F6E72A699642F8D0C918091AE861B6
:108A4000A160FFF7FBFEF1E7EC3500200023826810
:108A5000037503691B6899689142FBD25A680360E9
:108A60004260106058607047002382680375036994
:108A70001B6899689142FBD85A6803604260106095
:108A80005860704710B572B6D023BE221B06520044
:108A900098580028FCD0BFF35F8F087D05280CD8BC
:108AA000F7F742FC030B0B081C18BFF35F8F9B50BA
:108AB00062B610BD00228B691A6001235B42080078
:108AC0008B61FFF7C3FFBFF35F8FD023BE221B066E
:108AD0005200ECE78A699368013393604A680B6837
:108AE00013605A60E9E70000D02212061168084BB3
:108AF00089005B185B68016910B5994205D0136D58
:108B00009B0702D501235B425365FFF79FFF10BD12
:108B1000EC350020D0231B061A68084B92009B18E6
:108B20005B6810B5D9680875186802681A605360E8
:108B300001220275D860F7F7C9FB10BDEC350020A3
:108B4000D0231B061A6830B50E4B92009B185B6849
:108B50000400DD6887B04B1C10D02B0068460A4A21
:108B6000FFF7B2FE2000FFF7D5FF009B002B02D0DD
:108B70006846FFF7BFFEA86907B030BDFFF7CAFF20
:108B8000F9E7C046EC350020858A0010D02270B588
:108B9000040012061068104B80001B185D682369E2
:108BA000E868A1619D4209D0136D9B0702D501239E
:108BB0005B4253652000FFF749FF70BDA2688368E0
:108BC0009A42F7D9FFF750FF0123010023752000D7
:108BD000EC60F7F77BFBF0E7EC350020D0231B06B9
:108BE0001A68064B92009B185B68DA6819689068EF
:108BF0008B689842804140427047C046EC35002067
:108C0000D0231B061A680A4B92009B185B6810B5AC
:108C10001C68D86822681A60536001222275DC60E3
:108C2000FFF722FF01002000F7F750FB10BDC04600
:108C3000EC350020D0231B061A68074B92009B18C6
:108C40005B6810B51A68DB6892689B689A4201D924
:108C5000FFF7D6FF10BDC046EC35002030BFFDE762
:108C6000D02370B50D0004001B061A681C4B910040
:108C700088B05B188262C562586000F0D7F92300A3
:108C8000103323616361012300265B42A660A36168
:108C9000E6612460646000F067FA3300020021009E
:108CA000226263622000A66580330E4A303100F0F4
:108CB0003FF8E060012408223100047506A8F7F7A8
:108CC000E3FB094B01A801936B6804940293AB6822
:108CD0000393064B059300F05BF808B070BDC046E7
:108CE000EC35002051B8001056B800105D8C001013
:108CF00072B6D021BE22090652008B58002BFCD040
:108D0000BFF35F8F7047BFF35F8FD023BE221B0678
:108D100052009B5062B67047D0231B061A68034B63
:108D200092009B185B68D8687047C046EC350020FD
:108D300002228B604B62002308618A8208000B626A
:108D4000CB61704782680300100019694C3A2838DB
:108D5000C2601161596951610B4911629A69D96800
:108D6000002A06D1D0231B061A68084B92009B18D4
:108D70005A680223037500238160437502614162D2
:108D80000362C3617047C046ED020010EC3500205D
:108D900010B5FFF7D7FFFFF7A7FE10BDF8B50E001F
:108DA0000400283EA41915001F00FFF7A1FF2300AF
:108DB000069A243BE3605A610C4A1F611A62D02371
:108DC0001B061A680A4B920000219B1802225B685E
:108DD0002000A560A282236165622162E161FFF744
:108DE000D5FEFFF790FF2000F8BDC046ED02001051
:108DF000EC35002010B50400FFF78EFF84610F20D2
:108E0000FFF788FE10BD10B50400FFF771FF2000CA
:108E1000FFF7F0FF10BD10B50400FFF769FF210058
:108E20000820FFF78DFEFFF76EFF10BD70B50C0038
:108E30000500FFF771FF002C06D028602100856136
:108E40000320FFF77DFE70BD01204042FBE70300D9
:108E5000006810B5002804D000221A608161FFF775
:108E600043FE10BD70B50D000400FFF755FF002D47
:108E700009D06368046043602900186060600420C2
:108E8000FFF75EFE70BD01204042FBE70300006873
:108E900010B5834205D002681A6053608161FFF704
:108EA00023FE10BD70B504000D002068844200D17F
:108EB00070BD036823605C608561FFF715FEF4E711
:108EC00072B6D021BE22090652008B58002BFCD06E
:108ED000BFF35F8F7047BFF35F8FD023BE221B06A7
:108EE00052009B5062B67047030010B51B68984251
:108EF00003D09C688A689442F8D25A680B604A6032
:108F00001160596010BD0000D0231B061A68034B86
:108F100092009B185B68D8687047C046EC3500200B
:108F200070B50600FFF7F0FFB4680500002C14D1FF
:108F3000036AB060F360066223E0A360237D002B28
:108F400010D0062B15D123686268A0692100136038
:108F50005A60FFF7C9FFA3699C68AB68A2689A4290
:108F6000EBD306E062682368200013605A60FFF7C5
:108F7000BBFD30002900FFF7B7FF0620AE61FFF709
:108F8000C9FD70BD10B50400FFF79AFF2000FFF780
:108F9000C7FFFFF7A0FF10BD70B50400FFF7B4FFD7
:108FA0000500FFF78DFFE36822682B62A2421BD009
:108FB0006A6A002B0FD1AA602068036823605C6096
:108FC000036AA060E3600462FFF78EFDFFF732FEE4
:108FD000FFF781FF70BD19688B4203D089688A4210
:108FE00000D20A00DB68E4E700239360F0E70000AA
:108FF00072B6D0231B061A68034B92009B185B685D
:10900000024A9A65FEE7C046EC3500205BB80010C6
:10901000EFF30983203383F30988BFF35F8FD023F5
:10902000BE221B0652009B5062B6704710B504006A
:10903000806A00F09FF8D0230C221B061A65A36AF1
:10904000002B0DD1C320C0210D4A80001358090602
:109050001B021B0A0B43135080231B02136010BD1D
:10906000012BFCD1C420FF22054B800019589143ED
:109070003F3A0A431A50802252021A60EFE7C04674
:1090800000E100E010B50F3018D072B6D021BE223A
:10909000090652008B58002BFCD0BFF35F8FEFF313
:1090A0000984203C84F3098880235B04E361FFF793
:1090B00095FD034B002800D1024BA36110BDC046B3
:1090C000FF02001002030010D0230C2270461B0682
:1090D00010B51A650B3A196D114203D140BFFFF765
:1090E000D1FF10BD996DF6E7D0230C227046012107
:1090F0001B0610B51A651A6D0A4203D140BFFFF76F
:10910000C1FF10BD9A6D0232F5D1FFF771FFBFF3B9
:109110005F8FD023BE221B0652009B507047000079
:10912000024B034A1A60034A5A607047FC3500201C
:10913000003700200000042010B500F0CBFD00F047
:10914000E1FD00F012FAFEF710FE00F001F810BD8C
:10915000002210B5034B1A605A609A60DA6000F082
:1091600047FE10BD04360020014B986A7047C04688
:109170000040054010B500F04BFE10BD054A031D30
:109180009B009950012383405363916B0B4393637E
:109190007047C046004005400122824002498B6B67
:1091A00093438B637047C04600400540024B043038
:1091B0008000C1507047C0460040054072B6D021C3
:1091C000BE22090652008B58002BFCD0BFF35F8FE4
:1091D0007047BFF35F8FD023BE221B0652009B5007
:1091E00062B6704730B5039D01722C000021043334
:1091F0005C43C361049B14190363059B0562006013
:109200004060C16042610261846142628162C16208
:10921000436330BD0023022110B5426AC36042613E
:1092200002618362C3624942FFF73CFE10BD0369DD
:109230004269934203D1C2680020824200D1181DC6
:109240007047036910B51960C2680132C260C26913
:109250009B1882690361934201D3436A0361002131
:10926000FFF714FE10BD70B504000D00E368002B7D
:1092700007D062690020131D1268A3629B18E36285
:1092800008E0237A002B06D129002000FFF7EAFD31
:109290000028EBDA70BD02204042FBE7C368C269D8
:1092A000013BC360436910B59B18826943619342D7
:1092B00001D3436A436100238362036B002B00D018
:1092C000984710BDF7B504000E00009201930027E7
:1092D000FFF774FFA36A002B09D120000199FFF763
:1092E000C2FF002803D0FFF774FF3800FEBDA16A5B
:1092F000E56A009B6D1ADB1B9D4200D91D00402DC5
:1093000016D930004022F7F713F9A36A40364033EC
:109310004037E26AA3629A4202D82000FFF7BEFFFC
:10932000FFF757FF009B9F42DFD2FFF747FFD1E7D0
:1093300030002A00F7F7FCF8A36A76195B197F1949
:10934000E7E7043301721900C361002310B5029CE2
:1093500083626143C362039B51180363049B0060F3
:109360004060C460426102618161046242624363A1
:1093700010BD036A0221C360436A10B543610361F3
:1093800000238362C3624942FFF78CFD10BD42692E
:10939000036910B5934204D10023C46818009C42AD
:1093A00001D1100008C80B6010BDC368C269013349
:1093B000C360436910B59B1882694361934201D32E
:1093C000436A43610021FFF761FD10BD70B50400E1
:1093D0000D00E368002B07D0236900201A1DA2624C
:1093E000E2699B18E36208E0237A002B06D129008A
:1093F0002000FFF737FD0028EBDA70BD0220404265
:10940000FBE7036910B51960C268013AC260C2691E
:109410009B1882690361934201D3436A036100236D
:109420008362036B002B00D0984710BD70B5040019
:109430000E001500FFF7C2FEA36A002B09D1290018
:109440002000FFF7C3FF051E03D0FFF7C2FE280070
:1094500070BDA36A1E70A36AE26A0133A3629342DD
:1094600004D3E16920000439FFF7CBFFFFF7B1FE19
:109470000025ECE7F7B504000E00009201930027E9
:10948000FFF79CFEA36A002B09D120000199FFF78A
:109490009DFF002803D0FFF79CFE3800FEBDA06AA8
:1094A000E56A009B2D1ADB1B9D4200D91D00402D53
:1094B00018D931004022F7F73BF8A36A4036403311
:1094C0004037E26AA3629A4204D8E1692000043975
:1094D000FFF797FFFFF77DFE009B9F42DDD2FFF76E
:1094E0006DFECFE731002A00F7F722F8A36A76195C
:1094F0005B197F19E5E710B50400FFF75FFEA36A6B
:10950000002B07D02269043B991A934202D0200015
:10951000FFF777FFFFF75DFE10BD72B6D021BE22C8
:10952000090652008B58002BFCD0BFF35F8F7047A9
:10953000BFF35F8FD023BE221B0652009B5062B642
:1095400070470200030010B50400D6321278DE33F3
:109550001A7000F08FFE63681B68002B02D0012197
:10956000200098470323237010BD10B500F05CFE67
:1095700010BD012310B578220400037000214C3087
:10958000F6F782FF00236360A36010BD70B504008E
:109590000D00FFF7C2FF20004022002165600C3063
:1095A000F6F772FF200000F031FF02232370FFF76F
:1095B000BFFF002070BD70B50400FFF7AEFF2000B4
:1095C00000F03EFE00232500022663600133237075
:1095D0000C354C3476422B68002B0ED0586900288D
:1095E00003D031000C30FFF732FC2B68986900285B
:1095F00003D031000C30FFF72AFC002308C5A54238
:10960000E9D1FFF717FBFFF793FF70BD8B1C9B00A1
:1096100070B5C318050050690E0014005A60002888
:1096200003D020220021F6F72FFFA069002803D0E5
:109630001C220021F6F728FF3100280000F024FE4C
:1096400070BD0000F8B5050007000226040083681D
:109650000F4A1035134083604C3776422B68002B3D
:109660000ED05869002803D031000C30FFF7EFFB13
:109670002B689869002803D031000C30FFF7E7FB16
:10968000002308C5BD42E9D1200000F00BFFF8BD62
:109690000100010070B501258D4044892C434481AF
:1096A0008C1CA40004196468A46923600023A260D0
:1096B0006360E36000F036FF70BD70B501258D403A
:1096C00004892C4304818C1CA40004196468646917
:1096D00023600023A2606360E36000F03BFF70BD85
:1096E0000378052B0AD18023054A9B0211680B439E
:1096F00080211360034A044B4901D1507047C04692
:1097000090001150000011504C2000000223F7B5CA
:10971000020003700023DC32136083600300050045
:10972000022704004C330C3501937F422B68002B39
:1097300013D0FFF7F2FE2B685869002803D03900D8
:109740000C30FFF784FB2B689869002803D03900A0
:109750000C30FFF77CFBFFF7EBFE0026019B40C5BA
:109760009D42E3D12300C4331E70200000F026FE8A
:1097700063681B68B34202D0310020009847F7BDF0
:10978000037870B50400052B2BD00200E032137073
:109790000523037043681B68002B01D00421984700
:1097A000250000230226A3600C354C3476422B683A
:1097B000002B13D0FFF7B1FE2B685869002803D0A7
:1097C00031000C30FFF743FB2B689869002803D069
:1097D00031000C30FFF73BFBFFF7AAFE0435A54232
:1097E000E5D170BD017810B5052908D10300E0333B
:1097F0001B78037043681B68002B00D0984710BD8E
:10980000F7B50600C43633780400002B01D00023DE
:1098100033702300D4331A002000019300F078FE47
:1098200063689B68002B18D1019B1A786023150090
:109830001D401A4237D00021200000F0ADFE00216B
:10984000200000F093FE63681B68002B02D0062105
:109850002000984706233370F7BD20009847002862
:10986000E2D023002700DA331A785B78CC371B026A
:1098700013433A689A4200D93B60019B3D681B78CC
:109880007F2B00D81CE1002D00D10CE1092333709F
:10989000FFF743FE22000021C8323B681268200017
:1098A000FFF70BFF09E123007F21D5331B780A4026
:1098B0001B0213438C4A934200D1DCE028D880225B
:1098C000520093425CD00FD8012B51D0022B00D113
:1098D000A2E0002BAFD122002100C832DC311160A0
:1098E000022151609360BCE781225200934200D173
:1098F000A9E0FF32FF3293429DD12300D6331B787B
:10990000012B98D12200DC32118801330B4342E055
:109910008022120193424CD022D8A022D20093423E
:1099200040D0724A9B18012B00D984E72300D8331A
:109930001A785B7821001B02134322006068D6323C
:10994000D7314768127820000978B847002800D13D
:1099500071E723004268C8331A6002685A601FE04A
:109960009022120193422BD0614A934200D062E7C9
:10997000604A2300C8331A6002225A60002216E0AF
:109980002300D6331B78012B00D054E7220002219C
:10999000DC3213888B4313802300C8331D605D6065
:1099A0009D605EE72300544AC8331D605D609A6085
:1099B00057E723002200C833DF321A600122CDE7C7
:1099C0002378042B11D1FFF7A8FD2000FFF73AFE02
:1099D000FFF7AEFD23000321DF331D7063682170A4
:1099E0001B68002B01D0200098472300D6331B783A
:1099F000002B0BD02200DF32137004232370636826
:109A00001B68002B02D0022120009847220000236F
:109A1000C8321360536065E723000F21D8331B78E9
:109A2000200019405BB2002B0ADA00F05FFD01282C
:109A300004D0022800D0FEE6304A9AE7304A98E780
:109A400000F042FDF3E72300D6331B78002B00D053
:109A5000F1E62300D8331B780F221900114013427E
:109A6000D4D05BB22000002B02DA00F0C1FDCDE7BC
:109A700000F0A8FDCAE72300D6331B78002B00D0E6
:109A8000D9E62300D8331B780F2219001140134266
:109A9000BCD05BB22000002B02DA00F07DFDB5E700
:109AA00000F064FDB2E714233370FFF736FD2B009E
:109AB0002A0000212000FFF7EDFDFFF739FDCBE67E
:109AC000002D08D015233370FFF727FD2200C83280
:109AD0003B681268EDE70B233370FFF71EFD2B0088
:109AE0002A002900DBE6C0460203000000FAFFFF5F
:109AF000020C000040C30010439500103EC300104C
:109B00003CC3001070B50600C4360400307800284D
:109B100042D00638C3B20F2B34D80F2832D8F6F70C
:109B200003FC3B31310825323131313131313131B2
:109B30003B3B2300CC339A7B18680E335B781B02C7
:109B40001343984212D2E368198A01F051FD0D1EA9
:109B50000CD1FFF7E2FC2B002A0029002000FFF7C0
:109B6000ACFDFFF7E5FC0A2333700BE014233370E0
:109B7000FFF7D3FC002320001A001900FFF78AFD2D
:109B8000FFF7D6FC70BD2300D0331B68002B01D03B
:109B9000200098470023E7E70021200000F0FCFCAC
:109BA0000021200000F0E2FC63681B68002B02D05B
:109BB0000621200098470623D6E770B50500C43576
:109BC0002B780400142B29D019D8062B06D002D8E4
:109BD000002B03D070BD093B022BFBD800212000D5
:109BE00000F0DAFC0021200000F0C0FC63681B6874
:109BF000002B02D006212000984706231AE0152BDF
:109C0000E8D10A3B2B70FFF788FC002320001A00E4
:109C10001900FFF752FDFFF78BFCDBE7C3689B6978
:109C20005B68002BD6D10300D0331B68002B00D01B
:109C3000984700232B70CDE70322F0B5FF26C025FF
:109C40000240D2009640890191400A4F83089B0050
:109C5000DB19AD005C591F22B4430C435C51012356
:109C600002409340C02240098000C0195200835036
:109C70000360F0BD00E100E01F23012203409A4091
:109C800030B543090B4C0C4D9B0019195B19DA6771
:109C9000C0235B00CA5003218308084088409B0012
:109CA0001B19C024FC318140A4001A598A431A515F
:109CB00030BDC04600E100E004E100E07047000074
:109CC000034B1A6882431A609A681042FCD07047AE
:109CD00000C0004010B500F029FD052000F090FD07
:109CE000074B18600220FFF7EBFF80200003FFF70F
:109CF000E7FF8020C002FFF7E3FFFFF7DFFF10BDA3
:109D0000143600202021084B1A688A431A609A688A
:109D10000A42FCD01A6805490A401A6080225200A3
:109D200099681142FCD0704700C00040FFFEFFFF61
:109D300001220C4B70B576465A6372B6D024BE250C
:109D400024066D006359002BFCD0BFF35F8FFEF734
:109D500013FDBFF35F8F645162B63000FFF792F9D5
:109D600070BDC0460040054002220C4B70B57646DF
:109D70005A6372B6D024BE2524066D006359002BA9
:109D8000FCD0BFF35F8FFEF7F7FCBFF35F8F64512A
:109D900062B63000FFF776F970BDC046004005405E
:109DA0000422074B10B55A63064B74469B68002B80
:109DB00001D0022098472000FFF764F910BDC0468B
:109DC00000400540043600200822074B10B55A63B6
:109DD000064B7446DB68002B01D003209847200017
:109DE000FFF750F910BDC046004005400436002082
:109DF0000622064BDA6200225A601A601A615A6122
:109E00009A61DA619A630F325A63704700400540E5
:109E100010B5044BC0001A185168C058FFF70CFF6A
:109E200010BDC04644C300107F220138C317134041
:109E30001B18DB110133DB0102329BB2FF3210B57C
:109E400093420ED0FF2480220749D20024025918E1
:109E50001000214204D0181C934200D9101C80B27B
:109E600010BD80208000FBE780FDFFFFF7B50231C9
:109E700089004018436817005C691B8A21682269C1
:109E80008E1A9E4200D91E000023180092198A42A1
:109E90005841226182030092217DB5B20A00501E12
:109EA00082415203019201224A40A06922759F42D9
:109EB00000D0A38BC0183200A168F6F739FB8420CC
:109EC000A36800029B19A360019B28431843009BD1
:109ED0001843002F00D00004FEBD0000F7B58B1C16
:109EE0009B00C3185B680C1E5F691A4E019023D15A
:109EF000194BDB6C0022210001980093FFF7B6FF9D
:109F00003A683B6905009A4205D001222100019878
:109F1000FFF7ACFF05436B0111D5104A009B1340BE
:109F20001A00A023DB051343002C0FD10A4AD36487
:109F30001034E4003551F7BDCB00F358DAE7084A96
:109F4000009B13401A0080239B05ECE7E200B3500E
:109F5000EEE7C0460000105000001150FFFFFFDF89
:109F6000FFFFFFAF01230231890030B5401845687B
:109F7000AC69A07C21684340A3746B8A8B4200D9F2
:109F80000B00451EA8418025ED001D43ADB264685D
:109F900040032843054D1B192840994202D88023CD
:109FA000DB011843002A00D0000430BDFF7FFFFF13
:109FB00070B50C1E13D10F4BDD6C00222100FFF792
:109FC000D1FF0D4B1D4080239B052B43002C0BD153
:109FD000084AD364094BE400E418606070BD084A85
:109FE000CB009B185D68E8E70549E2005218536012
:109FF000F0E7C04600001150FFFFFFAF8000105097
:10A00000000010507346F0B587B005937E4B1C6876
:10A01000E3030ED580227D4B7D499202CA50012276
:10A020007C48C36899698A7459690A755B6800211C
:10A030009847E30407D58022744B7549120375488D
:10A04000CA50FFF763FB630406D510226F4B7049BB
:10A050007048CA50FFF794FB230407D580226B4B4E
:10A060006B4912016B48CA50FFF7BCFBA30317D51D
:10A07000684D6B68DB68002B04D1674A6749136839
:10A080000B4013602B78052B02D12800FFF7AAFBA9
:10A090006B68DB68002B01D0280098475C4B9B6CF9
:10A0A000E40604D40598FEF7EDFF07B0F0BD584B69
:10A0B0009B6D04930023039301330293049B002BB5
:10A0C000F0D0039B202BEDD0029B049A134220D0AA
:10A0D000534B4F4A0299D150039B5C084D4B01935F
:10A0E000019AA31C9B00D31801225F68039B1342B3
:10A0F0003FD17A691369536012689BB292B29A4257
:10A100000FD021000198FFF7E9FE049B029A9343C8
:10A110000493029B5B000293039B0133DBB2039326
:10A12000CCE70122A240019B1B899343019A138132
:10A13000BB68002B02D021001000984772B6BE25E4
:10A140006D00D0231B065B59002BFAD0BFF35F8F45
:10A15000019B0234A4001C196368002158690C306B
:10A16000FEF775FEBFF35F8FD0231B065B5162B60F
:10A17000CBE72C4AE3009B181E68BD69B605B60DF7
:10A180003200A8686969F6F7D3F9AB689B19AB6030
:10A190006B689B196B602B689B1B2B602B8A013BA8
:10A1A0009BB22B82002B02D07B8AB34226D901229C
:10A1B000A240184DA61C6B8993436B81B300EB182A
:10A1C0005B68DB68002B02D021002800984772B63C
:10A1D000D024BE2724067F00E359002BFCD0BFF318
:10A1E0005F8FB600AD196B689B69180059680C3019
:10A1F000FEF72DFEBFF35F8FE451B8E72100019811
:10A20000FFF7D6FE81E7C04698001150503000009D
:10A21000000011501836002090001150FFFFFDFF84
:10A22000583000008400105010B5044C2000FFF797
:10A23000A0F90023E234238010BDC0461836002068
:10A24000094B10B598420DD10378012B0AD000229A
:10A25000064B05201A60FFF70FFDC1230121044AB8
:10A260009B01D15010BDC0461836002090001150FF
:10A27000000011507F22DE3003781340014A136042
:10A280007047C04600001150F0B58B1C9B00C318EE
:10A290005F6885B00C1E7E69BD6900900ED14023B9
:10A2A0003F4AB383B2613175A97480216A612B83FF
:10A2B0003C4A3D4B8905D15005B0F0BD002E3AD047
:10A2C0003A4BCA00D3180393394B4020D2180023CD
:10A2D000D36733753A6802930192012A13D1388A01
:10A2E000FFF7A2FD802202239200904209D0802233
:10A2F0000133D200904204D0431EFF3B5A425341E7
:10A300009BB2DB060293009AE232944663461188C0
:10A3100042008A181A80274BB083CA18019B8131EA
:10A32000B261FF319A060A43802109061143039A5C
:10A33000029B02C2D367002DBED01C4BE400E6187E
:10A340001D4B4020E4180023E367AB743C68012CEC
:10A3500012D1388AFFF768FD8022022392009042D2
:10A3600009D080220133D200904204D0431EFF3B2B
:10A370005A4253419BB2DB06009AA406E23211888E
:10A38000471817800B4A28838A186A618022813116
:10A39000FF310C431206224372600836F3678BE7E5
:10A3A00000011050000011504C200000000010501F
:10A3B0000400105080011050080010500E4B10B5D2
:10A3C0000021C3600400FFF75FFF00230B4AE23463
:10A3D0001360012223800A49D0000A4C4018D100A2
:10A3E0000C198360E367C360074801320918CB6723
:10A3F0000F2AF0D110BDC04664C3001000001150F8
:10A40000F8FF0F50040010500800105070B51E4D9A
:10A41000854238D12B78012B35D180211B4B490443
:10A420001A681B480A431A601A6802401A609A6840
:10A430000A42FCD08022174C0021D2012000F6F7FE
:10A4400023F88022002152011348F6F71DF8092352
:10A4500063670333A3672800FFF7B0FF012323647A
:10A4600080239B050D4AE3640D4B1A606A68D2682D
:10A47000002A04D08022196892020A431A6003213C
:10A480000520FFF7D9FB70BD1836002000C0004042
:10A49000FFFFFFFE000011500000105010D001001F
:10A4A000900011500021074ACB009B189A68013197
:10A4B000520052089A60DA6852005208DA600F2996
:10A4C000F1D1704700001050064BC900CA18064B66
:10A4D0000120C918CB6F1B0502D45068C00F400083
:10A4E0007047C0460000105008001050064BC900CD
:10A4F000CA18064B0120C918CB6F1B0502D410687F
:10A50000C00F40007047C0460000105004001050BB
:10A5100010B5100008220249F6F70AF810BDC0462F
:10A52000000010508B1C9B00C3185A6870B59669C8
:10A53000040033680D000120002B05D0518A581803
:10A54000013801F085F880B2308229002000FFF741
:10A550002FFD70BD00228B1C9B00C31810B55B68DB
:10A560005B691A61FFF7BAFC10BD0000002903D136
:10A570000220064A064BD050064BC900C91880235A
:10A58000CA6F1B011343CB677047C04600001150D0
:10A590006820000008001050002903D10120064A5D
:10A5A000064BD050064BC900C9188023CA6F1B0147
:10A5B0001343CB677047C04600001150682000006D
:10A5C0000400105010B5002906D0074ACB009B1894
:10A5D000DA6F064C2240DA67002202318900401807
:10A5E00043689B699A7410BD08001050FFF7FFFF85
:10A5F00010B5002906D0074ACB009B18DA6F064C2D
:10A600002240DA67002202318900401843685B6902
:10A610001A7510BD04001050FFF7FFFF7047704718
:10A620007047000010B50248FEF7ACFC10BDC046F4
:10A63000780E002010B50248FEF7AEFC10BDC046F3
:10A64000780E0020F0B585B001920A9A05000F003F
:10A6500000209A4263D80C241A0E1B020392029324
:10A660000A9A03000399029800F0DAFF6C432D4B1D
:10A670000600E4186368834200D260602B1FDBB2DF
:10A680000093C023009A9B012343012A1BD8012F6A
:10A6900019D103221A60A3683B42FCD0019A2368B7
:10A6A00052015A40E0231A4080235B0123431A6081
:10A6B000032122687A400A401A600123BB40A26845
:10A6C0001342FCD01AE0802212011A60164BAA0035
:10A6D000D158002905D0586900F0BAFF013001387F
:10A6E000FDD1019A236852015A40E0231A40802389
:10A6F0005B0123431A60009A012AD9D98023802262
:10A700009B01234312011A60029866603200002305
:10A71000039900F085FF044CAD006051012005B0A5
:10A72000F0BDC046008000402033002073B50C20EF
:10A7300000F080FA0023274DAB6700F083FA012276
:10A74000254B1A606B6C012BFCD10322234B1A6042
:10A75000AC6B012CFCD102250526210000950623B7
:10A760001F4A204800F052F83300210000961E4A8C
:10A770001E4800F04BF81E4B29001E4D009300228E
:10A780000420FFF75FFF2B0021003000009500221E
:10A79000FFF758FF0022184C1100230000940720F7
:10A7A000FFF750FF00222300110000940820FFF75C
:10A7B00049FF0022114B1100009309202300FFF7ED
:10A7C00041FF00222B00009511000620FFF73AFF01
:10A7D00073BDC046008000403CB0004030B0004037
:10A7E000002F685900800240008C864700C002405C
:10A7F000001BB70040597307006CDC021BB7000058
:10A80000014B8000C058704720330020F8B5040089
:10A810000C2017001E000D0000F01AFF1D494143D7
:10A82000380000F015FF069A330412031343226820
:10A83000002A0FDA3F2122680A40AA420AD1A26800
:10A840001205120D824205D1EE21E268C9020A40CA
:10A850009A421BD0104A944219D0802252010F49CB
:10A860000F4E0A600F490A601700B1688F43FBD191
:10A87000C022211D92010A4321212560A0601160A0
:10A8800021680029FCDAE36008231360F8BD802208
:10A890009201E4E740420F0000C0024000E00040A7
:10A8A00000C0004000F0004010B50F4C0F4B0019E5
:10A8B000444260418000C458012320208B40401A4C
:10A8C000013B002A0DDB824203DC934010001C4256
:10A8D00001D00120404210BD1A0082401442FAD03B
:10A8E00001380028F8DAF4E70000D0AF4833002040
:10A8F000F7B50B799C460523CB56002B01DB9A421A
:10A9000010D1194B6546C3185C425C41174B01944A
:10A91000A400E4580123AB40013B93401D002540B7
:10A92000234218D0124800F0A9F94E780F78360269
:10A930003E438F783F043743CE7836063E436F0060
:10A94000BF5B8026B601B74200D2BF185619123637
:10A95000B600375001356545E7D3019A03499200A7
:10A960001C435450F7BDC0460000D0AF4833002010
:10A9700068B80010094B13B5C01843425841084A43
:10A980008400009207482200E31C00F02AF9844268
:10A9900001DC001B16BD01204042FBE70000D0AFE8
:10A9A00079B8001050330020F8B50D00060000F013
:10A9B000F7F805220700AA5630002979FFF774FF3F
:10A9C000041E02DA064800F059F90200290030009E
:10A9D000FFF78EFF380000F0EFF82000F8BDC0460A
:10A9E00068B80010F0B51D0018234B43C618370097
:10A9F00085B0DC3703923A68CC3301923200CC3216
:10AA00001268C3180292C0229201134380220400EC
:10AA1000920200911A60002D0CD11823009A534322
:10AA2000E4182300019ADC331A60029BCC342360C3
:10AA300005B0F0BD2800F5F78DFC80234201DB0452
:10AA40001343039A3B60C24001231A40E0231B02D8
:10AA500013433200D83213606B1E1D40DBE7000049
:10AA6000F0B585B00AAC257818244C430619370098
:10AA7000CC36DC373F683668CC340396C0260419E0
:10AA8000B60134438026B602266000240297A54210
:10AA900000D01F34164DDC262543182401952500CF
:10AAA000B4464D434519AC445701052B11D84C43CE
:10AAB000001902009B063B43DC321360030001993E
:10AAC000D8331960029BCC301360039B036005B040
:10AAD000F0BDA02676053E4367463E602E00019FEE
:10AAE000D83637601F260532053B3240DCE7C046CA
:10AAF00080E0000070B501258D400468AC4304601F
:10AB00001824002B2CD04C43041925001E68C8358E
:10AB10002E605E686E609E68DB68AE60DC34236029
:10AB200018234B431D008024D035451964012C4364
:10AB300080252D06256025600125104C2E008C40B7
:10AB400084600C1DA640802408318D401F21A40183
:10AB50000443C0180A40D83026602560026070BDEA
:10AB60004C43041925008026C83576022E60F8264D
:10AB700076026E60C0263603AE60CFE701010101A8
:10AB8000064B8000C0180368090159403023194062
:10AB900080235B01034319607047C04604C0014035
:10ABA000EFF3108072B6034A1368002BFCD0BFF39A
:10ABB0005F8F70472C0100D0BFF35F8F0022024BE4
:10ABC0001A6080F3108870472C0100D00722CB0850
:10ABD000C35C0120114088401840431E9841C0B218
:10ABE0007047F7B505000E0014001F00FFF7D8FFEF
:10ABF0000190BC4202D9012464420DE021002800EA
:10AC0000FFF7E4FF002811D10722012322409340DF
:10AC1000E1086A5C13436B540198FFF7CDFF002CE9
:10AC200006DA002E04D0089800F028F80134E0E796
:10AC30002000FEBD8023024A9B000343D36270477D
:10AC400000800540AA22064B12011A602F220549F6
:10AC5000DA60054A11605A68002AFCDA7047C0467B
:10AC60000040024000B0FA0000600240142310B51A
:10AC70000100188804331B88984710BD0FB410B525
:10AC80000298FDF767FD000010B50148FDF762FD71
:10AC90009DB800109E2110B5C905041CF5F7AAFB4C
:10ACA00000280AD09E21201CC90500F0E3F900F01D
:10ACB00077FB80231B06C01810BD201C00F070FB22
:10ACC000FAE70000F0B5C30F85B0440245000F1C41
:10ACD000640A2D0E039302930AD0FF2D3BD08023EC
:10ACE000E400DB041C4300237F3D019500930EE04C
:10ACF000012301940093002C09D02000F5F784FB78
:10AD0000431F9C4076235B421B1A019300957D02F2
:10AD10007E006D0A360EFF0F002E23D0FF2E2ED0A0
:10AD20008023ED00DB041D4333007F3B00220198AC
:10AD30000399C31A009879408000104301380E2807
:10AD400023D8F5F7F1FA4D9973999299734D4D9275
:10AD5000736161615300022301950093002CD6D0EA
:10AD60000133C3E72B000122002DE0D02800F5F7C6
:10AD70004BFB431F9D4076235B421B1AD6E73300F3
:10AD80000222002DD3D00132D1E764016D01AC4223
:10AD900028D31A200122641B0126270052006400D8
:10ADA000002F01DBA54201D8641B32430138002883
:10ADB000F3D1601E8441144318007F30002838DD31
:10ADC000620704D00F222240042A00D0043422015A
:10ADD00003D5803318002B4A1440E508FE281DDDFA
:10ADE00000250FE01B200022013BD5E78023DB0379
:10ADF0001C4203D01D4201D12C00029780250299EC
:10AE0000ED032543FF2009E00399009A022AE7D0C9
:10AE1000032A2FD000252800012ACDD16D026D0A0A
:10AE2000C0052843C907084305B0F0BD2C00390010
:10AE3000ECE701220025121A28001B2AEEDC9E33C3
:10AE400025009C40D540631E9C4125436B0704D0E0
:10AE50000F232B40042B00D0043580232800DB0473
:10AE600018401D420BD1ED08D8E780240023E403ED
:10AE70000293C3E70291C1E700252800CEE7002531
:10AE80000120CBE7FFFFFFF7F0B5C30F85B0470206
:10AE9000440002917F0A240E03930AD0FF2C71D044
:10AEA00080227F3C26000023FF00D2041743019339
:10AEB0000CE001233E1E019308D03800F5F7A4FAF8
:10AEC0007626431F9F407642361A0194029B5C020D
:10AED0005D00DB0F640A2D0E02935AD0FF2D64D063
:10AEE00080232800E400DB041C437F380023029900
:10AEF000039A4A40811901988C46850001311D430F
:10AF00000A2D00DD78E0022D55DC013D012D63D9CD
:10AF1000250CA4B226003B0CB8B246435C43684300
:10AF20006B4300191F00330C1B189C4202D9802070
:10AF300040023F181804B6B28619B401601E84415D
:10AF40001B0CB60EDB1934439B011C431B0168D557
:10AF5000012360081C40044308007F30002862DDA4
:10AF6000630704D00F232340042B00D004342301B3
:10AF700003D5803108003E4B1C40E508FE2833DD38
:10AF800000254CE0022326000193002F9ED00133C0
:10AF90008DE720000123002CA9D0F5F735FA431FD7
:10AFA0009C4076235B42181AA0E728000223002C5D
:10AFB0009DD001339BE70120A840A6250600ED00A7
:10AFC0002E4028421DD19025AD00284247D1B93DE1
:10AFD000FF3D28429CD0029A022BD1D0032B42D0B5
:10AFE00000252800012BB7D16D026D0AC00528434A
:10AFF000D207104305B0F0BD039A0F2D04D00B2DDE
:10B00000E9D03C00019BE7E78023DB031F4203D02C
:10B010001C4201D12700029A8025ED033D43FF2009
:10B02000E2E7614698E7012300251B1A28001B2B45
:10B03000DADC9E3125008C40DD40631E9C412543B7
:10B040006B0704D00F232B40042B00D00435802342
:10B050002800DB0418401D4207D1ED08C4E7802713
:10B060003200FF03D8E72700D6E700250120BBE721
:10B07000FFFFFFF7F0B54602730A85B00193039313
:10B08000DA004B024400C50F580A02904800240E13
:10B09000000EC90F9B09FF281DD1FF277F42BC4628
:10B0A000A444002B0BD00F008D4200D0D8E06146A5
:10B0B000002900D182E0002C73D1040061E0012757
:10B0C0004F40BD4200D0D3E06146002976D0002C2D
:10B0D000F3D0FF2416E00127BC464F40211ABD42A1
:10B0E00000D095E0002942DD8026F604002820D11A
:10B0F000002B1CD0611E644517D19B1802243342DB
:10B100002ED164465A0704D00F221A40042A00D0D8
:10B1100004335A0100D432E101340026FF2C00D15F
:10B12000E4E09C4EDB081E40E0E0FF2C04D113005D
:10B13000E8E7FF2CFBD033431B2901DD531CE1E77B
:10B1400018002026C840711A8B40591E8B410343BA
:10B150009B185A01D6D501340026FF2C00D1C5E03A
:10B1600001228D491A405B080B401343CAE70029AE
:10B1700024D0011B002C03D08024E40422430DE0E2
:10B180000C00002ABED0611E012C05D19B18013491
:10B190005A01E5D4013CB5E7FF2CB3D01B2902DDF1
:10B1A00001330400AEE714002026CC40711A8A4017
:10B1B000511E8A4122439B180400CAE7FE20611CED
:10B1C00001421ED1002C0AD1002A9BD0002BAED008
:10B1D0009B185A0196D5714A0C00134092E7FF2440
:10B1E000002A8FD0002BA2D08023019ADB039A4241
:10B1F00004D3029A9A4201D23D000392039BDB00E2
:10B2000067E70C000026FF2970D0D3185B0879E7A8
:10B21000002935DD00281CD1002B88D0611E012CAF
:10B2200007D16446D31A5A0100D46BE79B019E09EB
:10B2300088E0FF2C00D17AE701201B2907DC1800E9
:10B240002026C840711A8B40591E8B411843131A8F
:10B25000E9E7FF2C00D16AE78020C0040343EBE755
:10B260006646002E36D0002C19D004000D0049E7A8
:10B27000614600292ED0002C14D004003D0041E787
:10B28000002927D0061B002C1FD13D003400002AC6
:10B2900000D137E7661E012C06D19B1AC3E70D00CB
:10B2A0000400F4E73D00FBE7FF2C00D12AE7012171
:10B2B0001B2E07DC2024A41B1100A240F140541EC9
:10B2C000A241114304005B1AADE78021C9043D008F
:10B2D0000A43ECE7FE20611C01422ED1002C1DD157
:10B2E000002A0ED125002600002BC7D1FF23E00540
:10B2F000DB0576021840760A3043ED07284305B097
:10B30000F0BD002B00D112E7D61A710101D59B1AAE
:10B31000B4E7331E00D0F5E62500E7E7002A07D1A1
:10B320003D00002B00D0D4E680261D00F6032BE064
:10B33000002B00D058E71300CBE6D61A710115D5C3
:10B340003D009E1A3000F5F75FF833000538834062
:10B35000844210DC2022001B0130121A1900934095
:10B36000C1405A1E934100240B43CBE6002EE9D185
:10B3700035003400BAE7094A241A1340C2E6DE0851
:10B38000FF2CB3D1002EB1D08023DB03FF241E435A
:10B39000ACE7C046FFFF7F1FFFFFFF7DFFFFFFFB06
:10B3A00041024300C20F490A00201B0E7E2B03DD21
:10B3B0009D2B02DD084BD018704780200004084305
:10B3C000952B05DD963B9840002AF5D04042F3E7E7
:10B3D0009621CB1AD840F7E7FFFFFF7F002370B517
:10B3E0000400984209D0F5F70FF89E231B1A962BFC
:10B3F00008DC082829D0083884406402D805640A8B
:10B40000204370BD992B1BDD020021001B329140AF
:10B410000A00511E8A410521091ACC40144322001A
:10B420000B4D2A40610704D00F212140042900D090
:10B430000432510102D59F232A401B1AD408DCE7AD
:10B44000421F0528EBD09440E9E79623D5E7C04694
:10B45000FFFFFFFB70B54A02440245004E00C30FD8
:10B46000640A01202D0E520A360EC90FFF2D02D09C
:10B47000FF2E07D170BDFF2EFCD12243FAD14B40E5
:10B480001800F7E70120B542F4D19442F2D18B4283
:10B4900005D0002DEED12000431E9841EAE70020A0
:10B4A000E8E730B54A0244024500C30F4800640A89
:10B4B0002D0E520A000EC90FFF2D0ED1002C38D1CF
:10B4C000FF2804D00120002B06D0023804E0002A17
:10B4D0002FD110008B42F5D130BDFF280BD1002AAF
:10B4E00027D1002D01D1002C1FD08B42EAD1002B97
:10B4F0001DD01800F0E7002D0ED00028E2D08B42BE
:10B50000E0D18542DEDCF2DB9442DBD800209442BD
:10B51000E2D28342EDD10AE00028E4D1002A02D130
:10B52000002CD9D0CEE7002C06D1081ED4D10120A2
:10B5300000E002204042CFE78B42E5D0C2E730B5C1
:10B540004A0244024500C30F4800640A2D0E520A05
:10B55000000EC90FFF2D0FD1002C3BD1FF2804D0C6
:10B560000120002B07D0023805E00220002A02D17A
:10B5700010008B42F4D130BDFF280CD1FD38002AD9
:10B58000F9D1002D01D1002C1FD08B42E8D1002B26
:10B590001DD01800EFE7002D0ED00028E0D08B4220
:10B5A000DED18542DCDCF2DB9442D9D80020944223
:10B5B000E1D28342EDD10AE00028E4D1002A02D191
:10B5C000002CD8D0CCE7002C06D1081ED3D1012006
:10B5D0004042D0E70220CEE78B42E5D0C0E7000032
:10B5E00001B40248844601BC604700BF2D0300201F
:10B5F00001B40248844601BC604700BF6D030020CF
:10B6000001B40248844601BC604700BF1502002017
:10B6100001B40248844601BC604700BFB501002068
:10B6200001B40248844601BC604700BFBD0300204E
:10B6300001B40248844601BC604700BF9507002062
:10B6400001B40248844601BC604700BFB502002037
:10B6500001B40248844601BC604700BF6D0300206E
:10B6600001B40248844601BC604700BF21010020AC
:10B670001D0000001C0000001B0000001A0000005C
:10B680000F0000000020202020202020202028283B
:10B690002828282020202020202020202020202092
:10B6A00020202020208810101010101010101010D2
:10B6B0001010101010040404040404040404041002
:10B6C0001010101010104141414141410101010190
:10B6D000010101010101010101010101010101015A
:10B6E0001010101010104242424242420202020266
:10B6F000020202020202020202020202020202022A
:10B7000010101010200000000000000000000000D9
:10B710000000000000000000000000000000000029
:10B720000000000000000000000000000000000019
:10B730000000000000000000000000000000000009
:10B7400000000000000000000000000000000000F9
:10B7500000000000000000000000000000000000E9
:10B7600000000000000000000000000000000000D9
:10B7700000000000000000000000000000000000C9
:10B7800000000000004B4C3A206B633A20307825D3
:10B790003034582C20636F6C3A202532752C20727F
:10B7A0006F773A202532752C20707265737365644B
:10B7B0003A2025752C2074696D653A202535752C45
:10B7C00020696E743A2025752C20636F756E743A6B
:10B7D0002025750A000A722F632030313233343548
:10B7E00036370A0025303258003A200025303862BA
:10B7F00000296C6C756E2800296C696E2800047F26
:10B8000041F339D81FEA006D6F7573656B65792058
:10B810005B62746E7C782079207620685D28726582
:10B82000702F61636C293A205B007C002564005D09
:10B8300028002575002F00290A0055534220636F08
:10B840006E666967757265642E0A00633100633045
:10B85000006D61696E0069646C650072656D6F747E
:10B86000652070616E6963004E6F2070726F677241
:10B87000616D207370616365004E6F2050494F20E9
:10B880007374617465206D616368696E65732061AE
:10B89000726520617661696C61626C6500686172D5
:10B8A000642061737365727400001D001A00070044
:10B8B0000F00050029000A0016221721152411285F
:10B8C0002B001900060010001B001400E10000000E
:10B8D0002A00E000E1000457390023520000000074
:10B8E00000000000000034000900120018000D00E4
:10B8F0002A001C000B32043108340C3833000E00CF
:10B9000013003600370038000157280022522C431C
:10B910002152E60000572552000000000000000000
:10B9200000001C0013003700360034002B000C0010
:10B93000180008001200040029211B000E000D0051
:10B9400014003300E10023522C002824E300265287
:10B9500039002F0000000000000000000000090076
:10B960000A00060015000F002A0007000B00170050
:10B97000110016002D31050010001A0019001D00DD
:10B98000E50024522C00E600E70065002552300057
:10B990000000000000000000000005001300090086
:10B9A0001A0014002B000A001700160015000400EE
:10B9B00029211900070006001B001D00E100235289
:10B9C0002C002824E300265239002F00000000003C
:10B9D0000000000000000D000F0018001C003300E4
:10B9E0002A001000110008000C00120034310E0073
:10B9F0000B00360037003800E50024522C00E6002A
:10BA0000E700650025523000000000000000000043
:10BA1000000001000100010001000100010001001F
:10BA2000E100E000E200E30001000100010001008C
:10BA300001000100010001000100010001000100FE
:10BA400047000100000000000000000000004B0063
:10BA50004A0052004D00A9004C004E005000510019
:10BA60004F00AA0049004800AC00AE00AB00A8009F
:10BA70004600010001000100010001000100010079
:10BA80000000000000000000000022002100200053
:10BA90001F001E0035002202210220021F021E028A
:10BAA00035022F002D003300330231003102010036
:10BAB000010001000100010001002F020000000050
:10BAC00000000000000023002400250026002700BD
:10BAD0002E00230224022502260227022E02300015
:10BAE0002D02360037003800380201000100010045
:10BAF0000100010001003002000000000000000011
:10BB00000000010045004400430042000100010024
:10BB1000410040003F003E00010001003D003C00AC
:10BB20003B003A000100010001000100010001009A
:10BB30000100010000000000000000000000010002
:10BB4000010001000100010001000100E500E40026
:10BB5000E200E70001000100010001000100010016
:10BB600001000100010001000100010001000100CD
:10BB70000000000000000000000001000100405231
:10BB8000010001000100010001004152010001001B
:10BB9000010001000100425201000100010001000A
:10BBA000010001000100010001000100000000008F
:10BBB0000000000000000100010001000100010080
:10BBC000010020782578237827782178010001006A
:10BBD00026782478287822780100010001000100ED
:10BBE0000100010001000100000000000000000051
:10BBF0000000E200E900EA00B500B600B700CD00A1
:10BC00008301CC008A0192019401210223022402C3
:10BC10002502260227022A02B300B4006F0070003A
:10BC20009F01CB019F02A002E200E900EA00B500FB
:10BC3000B600B700CD008301CC008A0192019401C7
:10BC40002102230224022502260227022A02B3002F
:10BC5000B4006F0070009F01CB019F02A0020000A2
:10BC600003000000040000000500000006000000C2
:10BC70000700000008000000A80F0020FD377A58D8
:10BC80005A000004E6D6B446020021011600000066
:10BC9000742FE5A3E0048601395D003D888986D3D1
:10BCA000DC0AE842C324925842588FD8E75CA0D2FD
:10BCB000616E26E888019A676C7887BC8D3709E940
:10BCC000D5B739F4E81FA1588D20538AD1B231314C
:10BCD0000947F61CBFFFD9CCDFA7E379D288B00FA4
:10BCE0001B3B88CDEC3E31A0B17E7835EE879A893A
:10BCF000B09A3DDF9282E73201A1E2D1355450C8BB
:10BD00002EC5F93226A68FE3D99C01DB2F9C7FE656
:10BD100060E9217D1E10FFAB23D3D505B90447F19F
:10BD200099B45B571B8022CF5762EB895B5308584D
:10BD30000D2F01D4F94CA177AEA8AC4289F73F0290
:10BD4000161FA26B22462F44AD1894A85CB1EEEFEB
:10BD5000B822D1D3716651BE3264AAF0C196AF1138
:10BD60007EA2631C08B394D872E832038FF72606CC
:10BD70004030F3568BC33F6C1D9FBAFD80BA33BF72
:10BD800020B0CC119968D413853477E617870ACE92
:10BD90005F9FEB701B41E04731565F47A06D51AE8E
:10BDA00083CF4985294CF72E567695367ABD7F2963
:10BDB000BBC965B39050025F354D897D0BA77C0DE3
:10BDC0008BD33C3541C2C15C0166A9E0EB4FAF713A
:10BDD00024A6A90000000000F60125C24CB7561D9C
:10BDE0000001D502870900002CBF3984B1C467FB6C
:10BDF000020000000004595A01000100CE35002065
:10BE0000494400102145001000000000020002001B
:10BE1000CA350020494400102145001000000000F0
:10BE200003000100CF3500204944001021450010D7
:10BE30000000000004000200B43500204944001056
:10BE400021450010E944001005000100D035002014
:10BE500049440010214500100000000006000200C7
:10BE6000B6350020494400102145001000000000B4
:10BE700007000200CC350020494400102145001085
:10BE80000000000008000100D135002049440010E6
:10BE9000214500100000000009000200B835002014
:10BEA0004944001021450010854300100A0002009B
:10BEB000BA35002049440010214500108543001088
:10BEC0000B000200BC350020494400102145001041
:10BED000854300100C000200BE35002049440010CC
:10BEE00021450010854300100D000200C0350020E0
:10BEF0004944001021450010854300100E00020047
:10BF0000C23500204944001021450010854300102F
:10BF10000F000200C43500204944001021450010E4
:10BF20008543001010000200C6350020494400106F
:10BF3000214500108543001011000200C835002083
:10BF400049440010214500108543001012000200F2
:10BF5000D2350020494400102145001000000000A7
:10BF600013000200D4350020494400102145001080
:10BF70000000000014000100D635002049440010E4
:10BF80002145001000000000150000000000000026
:10BF9000ED430010694400100000000000000000A4
:10BFA000000000002A2B2800000000000000000014
:10BFB0000000000000000029000000002C1E3420BA
:10BFC000212224342627252E362D3738271E1F20E0
:10BFD0002122232425263333362E37381F04050625
:10BFE0000708090A0B0C0D0E0F1011121314151669
:10BFF0001718191A1B1C1D2F3130232D3504050667
:10C000000708090A0B0C0D0E0F1011121314151648
:10C010001718191A1B1C1D2F3130354C0000000059
:10C020000000000000000000000000000000000010
:10C030000000000000000000000000000000000000
:10C040007E0F00D4FFFFFFC70000007852C0001031
:10C0500009FF202027EA01404206C80020C0A02096
:10C06000000020806AC0001004FFA09F27F78160B5
:10C0700042060000697A0010D5790010C1780010DE
:10C08000000000004422B6156BC2001093C10010DE
:10C09000B5C100107EC100100AC1001023C10010FC
:10C0A00043C100105CC100100406101CF4C0001055
:10C0B000ECC00010DAC00010BCC000101C037600F9
:10C0C000690061006C003A006600360034006300CD
:10C0D0003200620033006300000010035A00690060
:10C0E000620020005A0069006200000006033A0066
:10C0F000330000000403090409027400040100A0D5
:10C10000FA090400000103010100092111010001E5
:10C11000224400070581030800010904010002030D
:10C1200000000009211101000122220007058203FD
:10C130002000010705030320000109040200010398
:10C1400000000009211101000122B6000705840347
:10C15000200001090403000103000000092111016E
:10C1600000012215000705850320000112010002CD
:10C1700000000040EDFE341200010102030106310F
:10C18000FF0974A1010975150026FF0095207508A7
:10C190008102C00660FF0961A1010962150026FF46
:10C1A000009520750881020963150026FF0095207F
:10C1B00075089102C005010902A10185020901A1CA
:10C1C0000005091901290815002501950875018147
:10C1D000020501093009311581257F950275088115
:10C1E0000609381581257F950175088106050C0A19
:10C1F00038021581257F950175088106C0C00501AB
:10C200000980A101850319012AB700150126B7008D
:10C21000950175108100C0050C0901A10185041963
:10C22000012AA002150126A002950175108100C007
:10C2300005010906A1018506050719E029E7150092
:10C2400025019508750181020507190029EF1500E0
:10C25000250195F07501810205081901290595054B
:10C2600075019102950175039101C005010906A1AF
:10C2700001050719E029E7150025019508750181D9
:10C28000029501750881010507190029FF1500268F
:10C29000FF0095067508810005081901290515009C
:10C2A0002501950575019102950175039101C00065
:10C2B00008D20010FC360020FC360020FC3600209E
:10C2C00008D2001000000000000000000000000084
:10C2D00008D2001000000000000000000000000074
:10C2E00008D2001000000000000000000000000064
:10C2F00008D20010000C0420000C0420200D0420A3
:10C3000008D20010001C0420001C0420001C042083
:10C3100008D2001000000000000000000000000033
:10C3200008D20010001F0420001F0420001F04205A
:10C330004EB80010000C0420C00C042001000000C6
:10C3400000000000000000000200000001000000EA
:10C3500002000000020000000200000003000000D4
:10C36000020000000000000001980010059B001072
:10C37000BB9B001040004000E4320020043300204A
:10C3800010B5014B984710BD55200020054B0230D9
:10C390001B6800025840C0239B001840024B1860E5
:10C3A0007047C0460C8001400C900140024B186859
:10C3B000C0239B02184070471C800140F7B5C0277E
:10C3C00005000E001400009301927F053A6A7B6A13
:10C3D000002C09D1002B20D0009A3B6E002A14D0EB
:10C3E0001300013B00930AE0D2180D2AF2D82A1E4E
:10C3F00001D02A7801353A66013C002BECD1009B34
:10C40000019A23431343E1D10BE0002E01D0337096
:10C410000136019B013B0193F1E7FFF7C7FF0028BD
:10C42000EDD00120FFF7B2FFF7BD10B504000020EA
:10C43000FFF7ACFF8020C022042380042043520574
:10C44000010E013B11660002002BF9D110BD70B541
:10C450000600002015000C00FFF798FFC0235B05C5
:10C460001E662A00012321000020FFF7A7FF70BDF0
:10C4700037B501246B46DD1D220029000520FFF79A
:10C48000E6FF2B78234203D0FFF790FF0028F1D07E
:10C4900037BD002210B511000620FFF7D8FF10BDF0
:10C4A000F0B51427182485B0238800900E00388832
:10C4B0001C491500984723881B49019038889847E4
:10C4C000238802901949388898470390002D01D19C
:10C4D00005B0F0BD2B00402D00D940230024144F9F
:10C4E0005900325BD2433A5302348C42F9D13619A7
:10C4F000ED1A019B9847029B9847FFF7CAFF0098E7
:10C50000FFF793FF2200002138000423FFF756FFB6
:10C51000FFF7AEFF009B1B190093039B9847FFF7A3
:10C520002FFFD3E74946000045580000464300006E
:10C53000D01F002073B5012400F026FB114B002111
:10C54000186800F019FB104E104D00943000296857
:10C550002300002200F008FB23003000296800229D
:10C5600000F022FB0321002000F036FB22002868A7
:10C570002100031D9A40064B1A6000F0FDFA00F0FE
:10C58000E3FA73BDCC08002000002050C80800204A
:10C590000020205013B500F0F7FA0123134C144982
:10C5A0002268183293404A681342FCD02F2000F0D2
:10C5B0000BFB2068002100F0DFFA0021080000F0EA
:10C5C0000BFB012321681A00094800F0EDFA002254
:10C5D000009221680123064800F0C6FA054B0121AC
:10C5E000186800F0C9FA00F0AFFA13BDC8080020BF
:10C5F00000002050CC080020084A10B51378002B0A
:10C600000AD18023064807495B051C68C4500433DF
:10C610008B42FAD10123137010BDC0465133002064
:10C62000543300100001001010B5014B984710BDA5
:10C63000553300208023F0B5421807000C0085B068
:10C640009B039A4201D900F087FA142618253088F6
:10C650002B88124998472B880390114930889847B6
:10C660002B8802900F49308898472B880E490190FB
:10C67000308898470500FFF7BFFF039B9847029B50
:10C68000984780222100D82338005202019CA047FD
:10C69000A847FFF7C9FF05B0F0BDC04649460000F6
:10C6A0004558000052450000464300000E4AEFF393
:10C6B000108372B69066D166002907D0FFE7FFE7C6
:10C6C000FFE7516F106F83F31088704783F3108872
:10C6D00004B580210906C2175140002800D0C84384
:10C6E00000F06AFA002104BD000000D00D4AEFF30B
:10C6F000108372B610665166002907D0FFE7FFE786
:10C70000FFE7516F106F83F31088704783F3108831
:10C7100004B5002801D00020C04300F04DFA0021EC
:10C7200004BD0000000000D010B5EFF3108472B615
:10C7300000F00EF884F3108810BDC04610B5EFF37A
:10C74000108472B600F048F884F3108810BDC0461B
:10C75000002B24DB11D000293EDA00B5C94340424A
:10C7600000D1013100F038F8C943404200D1013115
:10C77000DB43524200D1013300BD002AEBD1002837
:10C7800001D1002905D00020C90FC90701D1C0433C
:10C79000410800B500F000FA0022002300BD00B5FA
:10C7A00000290ADBDB43524200D1013300F014F8C8
:10C7B000C943404200D1013100BDC943404200D1CC
:10C7C0000131DB43524200D1013300F005F8DB4375
:10C7D000524200D1013300BD002923D1002B18D1D2
:10C7E000002A0CD0BC460D4F38667A660021002323
:10C7F000FFE7FFE7FFE77A6F386F6746704700286B
:10C8000001D00748010000B500F0C6F9002200235E
:10C8100000BD02000B00002000217047000000D086
:10C82000FFFFFFFF002B00D0BFE0130C28D1002A30
:10C83000E7D080B4114F39667A66FFE7FFE730B47E
:10C84000040C7B6F396F1B0423433B667A66FFE75A
:10C85000FFE7FFE7C04684B27B6F3D6F1B042343B5
:10C860003B667A66FFE7FFE7C04600232C042D0CE9
:10C870007A6F386F00196941B0BC7047000000D072
:10C88000F0B594460025140E01D112020835140F9C
:10C8900001D112010435940F01D192000235D40F59
:10C8A00001D152000135D40B0134254F7C66254C53
:10C8B0003C660E0C93B2FFE7FFE7FFE73C6F664371
:10C8C000360C7703BE467343DF0B5B04C01AB941D5
:10C8D000130C7343DB18C91ACE086643360CB644F2
:10C8E00093B273431F0F1B01C01AB941130C73435A
:10C8F0001F0B1B05C01AB941860D8F023E436643CC
:10C90000360C092D24DB520A7243801A7703460A3B
:10C910006643360C16235B1BDE40DF40BF196446BE
:10C920006643821B7046043506330100D940A84097
:10C93000C01900D30131A24206D20023F0BD00008D
:10C94000000000D0FFFFFFFF121B0130F3D3F1E71F
:10C9500009277F1BFE406446A2B27243801A00D2B0
:10C960000139220C7243130C1204821A99410B00F4
:10C970007046043513370100F940A840801900D3F0
:10C980000131002B02D1A2420AD2F0BD013000D306
:10C990000131121BFAD2013BF8D1A24200D2F0BD04
:10C9A000013000D30131121BF7E7F0B51C0C00D0A9
:10C9B00080E00CB400251C0A04D11B02160E334380
:10C9C000120208351C0B04D11B01160F3343120150
:10C9D00004359C0B04D19B00960F33439200023523
:10C9E000DC0B02D192185B4101351C0097186441A1
:10C9F0000134464F7C66464C3C660E0CFFE7FFE771
:10CA0000FFE7C0463C6F6643360C7703BE4697B2DD
:10CA10007743C01B00D20139C01B00D201399FB23D
:10CA20007743C91BC91B170C77437E04FF0B801B80
:10CA3000B941CE086643360C0C2D33DBB644120BDD
:10CA40001F053A431B0B97B27743C01B00D2013935
:10CA50009FB27743C91B170C77433E043F0C801BE2
:10CA6000B941860D8F023E43664329277F1BFE4056
:10CA70000C3D7746AF40BF1930BCA2B2ABB2724397
:10CA80007343801A9941220C7243130C1204801ACA
:10CA9000994102000B000137001BA941F9D2781E11
:10CAA0000021F0BD0C277F1BFE4077467F0BAF4077
:10CAB000FF19E0E700245D1C07D0144F7D6639663E
:10CAC000FFE7FFE7FFE7FFE73C6F95B29EB26543E4
:10CAD0006643401BB141150C1E0C6543664336048A
:10CAE0002F0C3E432D04401BB141994204D2020059
:10CAF0000B0020000021F0BD01D19042F7D3801A35
:10CB0000994101349942F2D3F6E70000000000D0C9
:10CB1000FFFFFFFF51434343C9188C46110C83B2FA
:10CB20004B4310B4040C614392B280B25043624351
:10CB30001C041B0C001910BC59411304120CC01822
:10CB4000514161447047000001B40248844601BC71
:10CB5000604700BF1F74001001B40248844601BC46
:10CB6000604700BF89AC001001B40248844601BC94
:10CB7000604700BF61AA001001B40248844601BCAE
:10CB8000604700BF6D74001001B40248844601BCC8
:10CB9000604700BF0974001001B40248844601BC1C
:10CBA000604700BF5103001001B40248844601BC35
:10CBB000604700BFE5A9001001B40248844601BCEB
:10CBC000604700BF5103001001B40248844601BC15
:10CBD000604700BF8187001001B40248844601BC51
:10CBE000604700BF81AB0010560F0020760F002079
:10CBF000992700101D0000001C0000001B00000011
:10CC00000E0000000F000000010000000000000006
:10CC1000010000000000000000000000050001000D
:10CC200000000000040008000000000000000000F8
:10CC3000010000000100AF000101280850011E0A98
:10CC40001401030201000000FFFFFFFFFFFFFFFFD1
:10CC500001000000817C0010AD7C0010BB7C001046
:10CC6000C97C0010D77C001000000000000000000C
:10CC700000000000000000000000000000000000B4
:10CC800000000000000000000000000000000000A4
:10CC90000000000000000000000000000000000094
:10CCA000030000000000000000000000EF80001002
:10CCB0000000200000000000000000000000000054
:10CCC0000000000000000000000000000000000064
:10CCD00000000000000000001836002003000000E3
:10CCE0000400000020000000D42F002000000000FD
:10CCF0000000000000000000000000000000000034
:10CD00000000000000000000000000000000000023
:10CD10000000000000000000000000000000000013
:10CD20000000000000000000030000000000000000
:10CD30004B800010000000002000000000000000F8
:10CD400000000000000000000000000000000000E3
:10CD500000000000000000000000000000000000D3
:10CD6000000000001836002004000000040000004D
:10CD700020000000B431002000000000000000008E
:10CD8000040D002000000000000000000000000072
:10CD90000000000000000000000000000000000093
:10CDA0000000000000000000000000000000000083
:10CDB0000000000000000000000000000300000070
:10CDC000000000004B800010000000000800000080
:10CDD0000000000000000000000000000000000053
:10CDE0000000000000000000000000000000000043
:10CDF00000000000000000001836002001000000C4
:10CE00000400000008000000843100200000000041
:10CE100000000000980C002000000000000000004E
:10CE20000000000000000000000000000000000002
:10CE300000000000000000000000000000000000F2
:10CE400000000000000000000000000000000000E2
:10CE500003000000000000004B80001000000000F4
:10CE600020000000000000000000000000000000A2
:10CE700000000000000000000000000000000000B2
:10CE80000000000000000000000000001836002034
:10CE9000050000000400000020000000F430002025
:10CEA00000000000000000002C0C0020000000002A
:10CEB0000000000000000000000000000000000072
:10CEC0000000000000000000000000000000000062
:10CED0000000000000000000000000000000000052
:10CEE0000000000003000000000000004B80001064
:10CEF0000000000020000000000000000000000012
:10CF00000000000000000000000000000000000021
:10CF10000000000000000000000000000000000011
:10CF2000183600200200000004000000200000006D
:10CF3000643000200000000000000000C00B002052
:10CF4000DC0B0020C5820010A1820010DF820010DF
:10CF5000D1830010ED830010FD830010E00B002052
:10CF600000000000000000000000000000000000C1
:10CF700000000000000000000000000000000000B1
:10CF800000000000000000000000000000000000A1
:10CF90000000000000000000000000000000000091
:10CFA000000000000000000020000000480C0020ED
:10CFB000C5820010A1820010DF820010D183001012
:10CFC000ED830010FD8300104C0C002000000000D9
:10CFD0000000000000000000000000000000000051
:10CFE0000000000000000000000000000000000041
:10CFF0000000000000000000000000000000000031
:10D000000000000000000000000000000000000020
:10D010000000000020000000B40C0020C5820010B9
:10D02000A1820010DF820010D1830010ED83001078
:10D03000FD830010B80C002000000000000000007C
:10D0400000000000000000000000000000000000E0
:10D0500000000000000000000000000000000000D0
:10D0600000000000000000000000000000000000C0
:10D0700000000000000000000000000000000000B0
:10D0800008000000200D00202B830010FF820010FC
:10D090004B83001051840010758400108D840010A3
:10D0A0000000000000000000280E0020DC0D002021
:10D0B000900D002000000000440D00200000000042
:10D0C000000000000000000000000000060000005A
:10D0D0000000000000000000000000000000000050
:10D0E0000000000000000000000000000000000040
:10D0F0000000000000000000000000000000000030
:10D1000000000000000000000000000020000000FF
:10D11000000000000000000004000000000000000B
:10D1200000000000000000000000000000000000FF
:10D1300000000000000000000000000000000000EF
:10D1400000000000000000000000000000000000DF
:10D1500000000000000000000300000000000000CC
:10D1600000000000030000000000000000000000BC
:10D1700000000000000000000000000000000000AF
:10D18000000000000000000000000000000000009F
:10D19000000000000000000000000000000000008F
:10D1A000000000000300000000000000000000007C
:10D1B000020000000000000000000000000000006D
:10D1C000000000000000000000000000000000005F
:10D1D000000000000000000000000000000000004F
:10D1E000000000000000000000000000000000003F
:10D1F0000600000001030002780E0020780E0020D7
:08D20000000000000000000026
:04000005100002C520
:00000001FF
